title,width,height,error,imdb_id
"10,000 BC [2008].avi",608.0,256.0,,tt0443649
13 Assassins [2010].avi,720.0,304.0,,tt1436045
1408 [2007].avi,652.0,266.0,,tt0450385
1984 [1984].avi,592.0,320.0,,tt0087803
2001 A Space Odyssey [1968].avi,640.0,272.0,,tt0062622
2012 [2009].avi,640.0,272.0,,tt1190080
21 [2008].avi,684.0,276.0,,tt0478087
30 Days of Night [2007].avi,672.0,268.0,,tt0389722
30 Minutes or Less [2011].avi,720.0,304.0,,tt1622547
A Beautiful Mind [2001].mp4,1280.0,688.0,,tt0268978
A Bronx Tale [1993].mkv,720.0,384.0,,tt0106489
A Company Man [2012].mp4,1280.0,544.0,,tt2371486
A Fistful of Dollars [1964].avi,512.0,224.0,,tt0058461
A Good Old Fashioned Orgy [2011].mp4,1280.0,688.0,,tt1231586
A History of Violence [2005].avi,516.0,272.0,,tt0399146
A Nightmare on Elm Street [2010].avi,576.0,240.0,,tt1179056
A Scanner Darkly [2006].avi,572.0,312.0,,tt0405296
A Serbian Film [2010].mkv,1280.0,534.0,,tt1273235
Absolute Power [1997].avi,544.0,400.0,,tt0118548
Act of Valor [2012].mp4,1280.0,536.0,,tt1591479
Adventureland [2009].avi,636.0,350.0,,tt1091722
Aftermath [2012].mp4,1280.0,720.0,,tt2209300
Akira [1988].avi,720.0,416.0,,tt0094625
"Alexander and the Terrible, Horrible, No Good, Very Bad Day [2014].mp4",1280.0,536.0,,tt1698641
Alien 3 [1992].avi,684.0,282.0,,tt0103644
Alien Resurrection [1997].avi,672.0,278.0,,tt0118583
Alien [1979].avi,668.0,278.0,,tt0078748
Aliens vs. Predator Requiem [2007].avi,704.0,288.0,,tt0758730
Aliens [1986].avi,624.0,336.0,,tt0090605
Allegiant [2016].mkv,1912.0,792.0,,tt3410834
Amadeus [1984].avi,352.0,160.0,,tt0086879
American Dirtbags [2015].mkv,1916.0,812.0,,tt4938588
American Gangster [2007].mkv,1280.0,688.0,,tt0765429
American Ultra [2015].avi,1280.0,688.0,,tt3316948
Amélie [2001].avi,496.0,208.0,,tt0211915
An American Crime [2007].avi,648.0,354.0,,tt0802948
And Now for Something Completely Different [1971].mp4,1280.0,720.0,,tt0066765
Andron [2015].mkv,1912.0,790.0,,tt4073890
"Angus, Thongs and Perfect Snogging [2008].avi",676.0,272.0,,tt0963743
Anna [2013].mp4,1280.0,536.0,,tt1715336
Antichrist [2009].avi,720.0,304.0,,tt0870984
Anvil The Story of Anvil [2008].avi,608.0,336.0,,tt1157605
Any Which Way You Can [1980].avi,384.0,208.0,,tt0080377
Apocalypto [2006].avi,564.0,300.0,,tt0472043
Arlington Road [1999].mp4,1280.0,534.0,,tt0137363
"As Above, So Below [2014].mp4",1280.0,696.0,,tt2870612
Atomic Blonde [2017].mkv,1916.0,796.0,,tt2406566
Attack on Titan Part 1 [2015].mkv,1280.0,720.0,,tt2072230
Autumn Blood [2013].mp4,1280.0,544.0,,tt2085752
AVP Alien vs. Predator [2004].avi,640.0,256.0,,tt0370263
Awake [2007].avi,656.0,278.0,,tt0211933
Backtrack [2015].mp4,1280.0,528.0,,tt2784936
Bad Ass 2 Bad Asses [2014].mp4,1280.0,720.0,,tt2996648
Bad Grandpa [2013].mp4,1280.0,720.0,,tt3063516
Banshee Chapter [2013].mp4,640.0,352.0,,tt2011276
Battle Los Angeles [2011].avi,720.0,304.0,,tt1217613
Battle Royale [2000].avi,448.0,256.0,,tt0266308
Beerfest [2006].avi,588.0,240.0,,tt0486551
Benny & Joon [1993].avi,640.0,336.0,,tt0106387
Beowulf [2007].avi,644.0,268.0,,tt0442933
Bernie [2011].avi,640.0,352.0,,tt1704573
Big Hero 6 [2014].mp4,720.0,304.0,,tt2245084
Big [1988].mkv,1280.0,688.0,,tt0094737
Bio-Dome [1996].avi,1024.0,576.0,,tt0115683
Birdman [2014].mkv,720.0,384.0,,tt5130912
Black Dynamite [2009].avi,624.0,336.0,,tt1190536
Black Swan [2010].m4v,720.0,360.0,,tt0947798
Blitz [2011].avi,720.0,304.0,,tt1297919
Blood and Chocolate [2007].avi,640.0,272.0,,tt0397044
Bloodwork [2012].avi,576.0,240.0,,tt1562567
Blubberella [2011].avi,720.0,304.0,,tt1756427
Blue Harvest [2007].avi,512.0,384.0,,tt0888817
Bokeh [2017].mkv,1904.0,800.0,,tt3722062
Boogie Nights [1997].mkv,1280.0,534.0,,tt0118749
Bowling for Columbine [2002].mkv,1280.0,692.0,,tt0310793
Brainscan [1994].mkv,1280.0,718.0,,tt0109327
Brüno [2009].avi,624.0,336.0,,tt0889583
Bunraku [2010].avi,720.0,304.0,,tt1181795
Butter [2011].avi,720.0,304.0,,tt1349451
Cabin Fever 2 Spring Fever [2009].mkv,1280.0,544.0,,tt0961722
Cabin Fever 3 Patient Zero [2014].avi,640.0,272.0,,tt2102496
Cabin Fever [2016].mkv,1280.0,532.0,,tt3832096
Candy [2006].avi,552.0,292.0,,tt0424880
Cannibal! The Musical [1993].avi,720.0,544.0,,tt0115819
Capote [2005].avi,1280.0,544.0,,tt0379725
Capsule [2015].mkv,1912.0,804.0,,tt3108244
Captivity [2007].avi,656.0,268.0,,tt0374563
Cargo [2009].mkv,1280.0,544.0,,tt0381940
Casino [1995].mp4,1280.0,544.0,,tt0112641
Cat Run [2011].mp4,1280.0,544.0,,tt1446147
Cell [2016].avi,1280.0,530.0,,tt0775440
Centurion [2010].avi,576.0,240.0,,tt1020558
Chaos Theory [2008].avi,704.0,288.0,,tt0460745
Charlie Wilson's War [2007].avi,656.0,346.0,,tt0472062
Chef [2014].mp4,1280.0,536.0,,tt2883512
Children of Men [2006].avi,524.0,274.0,,tt0206634
Choke [2008].avi,608.0,320.0,,tt1024715
Cinderella [2015].mp4,1280.0,536.0,,tt1661199
City of God [2002].mp4,1280.0,688.0,,tt0317248
CJ7 [2008].avi,684.0,276.0,,tt0940709
Clash of the Titans [2010].avi,640.0,272.0,,tt0800320
Clerks II [2006].avi,572.0,312.0,,tt0424345
Come and Find Me [2016].mkv,1912.0,796.0,,tt2597768
Con Air [1997].avi,656.0,280.0,,tt0118880
Contagion [2011].avi,624.0,352.0,,tt1598778
Coogan's Bluff [1968].avi,576.0,320.0,,tt0062824
Coraline [2009].mp4,1216.0,704.0,,tt0327597
Cowboys and Aliens [2011].avi,640.0,272.0,,tt0409847
Crank [2006].avi,608.0,332.0,,tt0479884
"Crouching Tiger, Hidden Dragon [2000].avi",720.0,304.0,,tt0190332
Cube Zero [2004].avi,608.0,352.0,,tt0377713
Cube [1997].avi,640.0,352.0,,tt0123755
Cube² Hypercube [2002].avi,480.0,272.0,,tt0285492
Dallas Buyers Club [2013].avi,720.0,304.0,,tt0790636
Dark Skies [2013].avi,640.0,272.0,,tt2387433
Date Night [2010].avi,640.0,272.0,,tt1279935
Dawn of the Planet of the Apes [2014].mp4,1280.0,696.0,,tt2103281
Day of the Fight [1951].avi,480.0,368.0,,tt0042384
Dazed and Confused [1993].avi,640.0,352.0,,tt0106677
Dead Rising Watchtower [2015].mp4,1280.0,536.0,,tt3816458
Debug [2014].avi,720.0,384.0,,tt2769184
Deep Dark [2015].avi,720.0,304.0,,tt2914740
Defendor [2009].avi,640.0,272.0,,tt1303828
Deja Vu [2006].avi,576.0,240.0,,tt0453467
Deliver Us from Evil [2014].mp4,852.0,356.0,,tt2377322
Demolition [2015].mkv,1916.0,814.0,,tt1172049
Desperado [1995].avi,1280.0,688.0,,tt0112851
Despicable Me [2010].avi,704.0,396.0,,tt1323594
Detroit Rock City [1999].avi,640.0,256.0,,tt0165710
Dinosaur Island [2014].mp4,1280.0,720.0,,tt3261302
Dirty Harry [1971].avi,608.0,256.0,,tt0066999
Django Unchained [2012].mkv,720.0,354.0,,tt1853728
Doomsday [2008].avi,688.0,284.0,,tt0483607
Dragon Blade [2015].avi,720.0,304.0,,tt3672840
Dredd [2012].avi,720.0,304.0,,tt1343727
Drillbit Taylor [2008].mp4,1280.0,528.0,,tt0817538
Drunken Master [1978].avi,720.0,304.0,,tt0080179
Duplicity [2009].avi,672.0,288.0,,tt1135487
Eagle Eye [2008].avi,664.0,274.0,,tt1059786
El Mariachi [1992].avi,1280.0,688.0,,tt0104815
Elimination Game [2014].mp4,1280.0,720.0,,tt3816614
Empire Records [1995].avi,544.0,224.0,,tt0112950
Encino Man [1992].avi,672.0,400.0,,tt0104187
Enemy [2013].avi,720.0,304.0,,tt2316411
Epic [2013].mp4,1280.0,536.0,,tt0848537
Episode VI It's a Trap [2011].avi,624.0,352.0,,tt1701991
Escape from Alcatraz [1979].avi,640.0,336.0,,tt0079116
Escape from Tomorrow [2013].mp4,1280.0,696.0,,tt2187884
Escape to Witch Mountain [1975].avi,704.0,400.0,,tt0072951
Every Which Way But Loose [1978].avi,384.0,208.0,,tt0077523
Evolution [2001].mp4,1280.0,720.0,,tt0251075
Executive Decision [1996].avi,608.0,256.0,,tt0116253
eXistenZ [1999].mp4,1216.0,688.0,,tt0120907
Extinction [2015].mp4,1280.0,532.0,,tt3467412
Extract [2009].avi,624.0,336.0,,tt1225822
Fahrenheit 451 [1966].avi,560.0,304.0,,tt0060390
Fahrenheit 911 [2004].avi,640.0,352.0,,tt0361596
Falling Down [1993].avi,704.0,304.0,,tt0106856
Fantastic Mr. Fox [2009].mp4,1280.0,694.0,,tt0432283
Fear and Desire [1953].avi,576.0,412.0,,tt0045758
Fear and Loathing in Las Vegas [1998].avi,640.0,272.0,,tt0120669
"Fear, Inc. [2016].mkv",1908.0,792.0,,tt3560148
Final Destination 2 [2003].mp4,1280.0,720.0,,tt0309593
Final Destination 3 [2006].mp4,1280.0,544.0,,tt0414982
Final Destination 5 [2011].mp4,1280.0,536.0,,tt1622979
Final Destination [2000].mp4,1280.0,720.0,,tt0195714
Fired Up! [2009].mp4,1280.0,528.0,,tt1083456
First Blood [1982].avi,700.0,296.0,,tt0083944
Flags of Our Fathers [2006].avi,576.0,240.0,,tt0418689
Flight [2012].avi,624.0,256.0,,tt1907668
Fly Away [2011].avi,624.0,352.0,,tt1697920
Flying Padre [1951].avi,480.0,368.0,,tt0043548
Forgetting Sarah Marshall [2008].avi,612.0,320.0,,tt0800039
Forks Over Knives [2011].m4v,720.0,480.0,,tt1567233
Frankenweenie [2012].avi,640.0,352.0,,tt1142977
Freezer [2014].mkv,1280.0,544.0,,tt2325002
Full Metal Jacket [1987].avi,496.0,368.0,,tt0093058
G.I. Joe The Rise of Cobra [2009].mp4,720.0,304.0,,tt1046173
Galaxy Quest [1999].avi,720.0,304.0,,tt0177789
Get Hard [2015].mp4,1280.0,720.0,,tt2561572
Get Him to the Greek [2010].avi,624.0,336.0,,tt1226229
Get Shorty [1995].avi,720.0,416.0,,tt0113161
Get Smart [2008].avi,616.0,336.0,,tt0425061
Ghost Ship [2002].mp4,1280.0,720.0,,tt0288477
God Bless America [2011].avi,720.0,304.0,,tt1912398
Good Will Hunting [1997].mp4,1280.0,688.0,,tt0119217
Goodbye World [2013].mp4,1280.0,544.0,,tt2352802
Goodfellas [1990].mp4,1280.0,720.0,,tt0099685
Goon [2011].avi,640.0,352.0,,tt1456635
Gran Torino [2008].avi,640.0,272.0,,tt1205489
Grandma's Boy [2006].mp4,688.0,288.0,,tt0456554
Groundhog Day [1993].mp4,1280.0,688.0,,tt0107048
Grown Ups [2010].avi,608.0,336.0,,tt1375670
Half Baked [1998].avi,704.0,380.0,,tt0120693
Hamlet 2 [2008].avi,616.0,320.0,,tt1104733
Hancock [2008].avi,692.0,284.0,,tt0448157
Hanna [2011].avi,720.0,304.0,,tt0993842
Hansel & Gretel Witch Hunters [2013].avi,640.0,272.0,,tt1428538
Hearts and Minds [1974].avi,640.0,352.0,,tt0071604
Heist [2015].mkv,1280.0,528.0,,tt3276924
Her [2013].avi,720.0,464.0,,tt1798709
Hercules [2014].mkv,1280.0,536.0,,tt1267297
High Fidelity [2000].avi,544.0,304.0,,tt0146882
High Plains Drifter [1973].avi,640.0,272.0,,tt0068699
Hit and Run [2012].avi,640.0,272.0,,tt2097307
Hitchcock [2012].avi,720.0,304.0,,tt0975645
Hitman Agent 47 [2015].avi,720.0,400.0,,tt2679042
Hobo with a Shotgun [2011].avi,720.0,304.0,,tt1640459
Home [2015].mp4,1280.0,696.0,,tt2224026
Horrible Bosses [2011].mp4,1280.0,536.0,,tt1499658
Hounds of Love [2016].mkv,1912.0,792.0,,tt3896738
House of Sand and Fog [2003].mkv,1280.0,720.0,,tt0315983
How to Lose Friends & Alienate People [2008].avi,632.0,344.0,,tt0455538
Howl's Moving Castle [2004].mp4,1280.0,688.0,,tt0347149
I Am Number Four [2011].avi,720.0,384.0,,tt1464540
I Am Vengeance [2018].mkv,1912.0,848.0,,tt5885106
I Hope They Serve Beer in Hell [2009].mp4,720.0,304.0,,tt1220628
I.T. [2016].mkv,1912.0,796.0,,tt2679552
Idiocracy [2006].avi,624.0,336.0,,tt0387808
Immortals [2011].avi,720.0,384.0,,tt1253864
In the Army Now [1994].avi,1024.0,560.0,,tt0110123
In the Line of Fire [1993].mkv,1280.0,532.0,,tt0107206
In the Mouth of Madness [1994].avi,656.0,288.0,,tt0113409
Independence Day [1996].avi,688.0,320.0,,tt0116629
Indiana Jones and the Kingdom of the Crystal Skull [2008].mp4,1280.0,528.0,,tt0367882
Indiana Jones and the Last Crusade [1989].mp4,1280.0,544.0,,tt0097576
Indiana Jones and the Temple of Doom [1984].mp4,1280.0,544.0,,tt0087469
Insidious Chapter 3 [2015].mp4,1280.0,544.0,,tt3195644
Insidious [2010].avi,1280.0,536.0,,tt1591095
Insurgent [2015].mp4,1280.0,720.0,,tt2908446
Interstellar [2014].mp4,1280.0,720.0,,tt0816692
Iron Man 2 [2010].avi,704.0,304.0,,tt1228705
Iron Man 3 [2013].mp4,1280.0,534.0,,tt1300854
Iron Man [2008].avi,664.0,274.0,,tt0371746
Iron Monkey [1993].avi,608.0,304.0,,tt0108148
Jabberwocky [1977].avi,608.0,320.0,,tt0076221
Jack Reacher Never Go Back [2016].mkv,1916.0,800.0,,tt3393786
Jarhead 2 Field of Fire [2014].avi,720.0,304.0,,tt3699508
JCVD [2008].avi,704.0,288.0,,tt1130988
Jeepers Creepers II [2003].avi,736.0,314.0,,tt0301470
Jeepers Creepers [2001].avi,704.0,382.0,,tt0263488
"Jeff, Who Lives at Home [2011].avi",624.0,352.0,,tt1588334
Jet Li Is 'The One' [2002].avi,640.0,352.0,,tt0311363
Joe [2013].mp4,1280.0,544.0,,tt2382396
John Q [2002].avi,720.0,400.0,,tt0251160
John Wick [2014].mkv,1912.0,792.0,,tt2911666
Jumper [2008].avi,684.0,286.0,,tt0489099
Juno [2007].avi,676.0,352.0,,tt0467406
Jurassic Park III [2001].avi,692.0,362.0,,tt0163025
Jurassic Park [1993].avi,636.0,338.0,,tt0107290
Just Go with It [2011].mkv,1280.0,688.0,,tt1564367
Kidnapping Mr. Heineken [2015].mp4,1280.0,536.0,,tt2917388
Kill Command [2016].avi,1280.0,532.0,,tt2667380
Kill Me Three Times [2014].avi,640.0,272.0,,tt2393845
Kill Switch [2017].mkv,1904.0,792.0,,tt5464234
Killer Elite [2011].avi,720.0,400.0,,tt1448755
Killer's Kiss [1955].avi,608.0,464.0,,tt0048254
Killing Them Softly [2012].avi,720.0,400.0,,tt1764234
King of Thorn [2009].mkv,1280.0,720.0,,tt1690483
Knight and Day [2010].avi,720.0,304.0,,tt1013743
Kon-Tiki [2012].avi,640.0,360.0,,tt1613750
Krampus [2015].mkv,1916.0,800.0,,tt3850590
Kung Fu Hustle [2004].avi,588.0,238.0,,tt0373074
Kung Pow Enter the Fist [2002].avi,688.0,304.0,,tt0240468
Kurt & Courtney [1998].avi,512.0,384.0,,tt0138563
Last Man Standing [1996].avi,720.0,304.0,,tt0116830
Legion [2010].avi,680.0,272.0,,tt1038686
Let's Be Cops [2014].mp4,1280.0,688.0,,tt1924435
Life Is Beautiful [1997].mp4,720.0,384.0,,tt0118799
Life Itself [2014].mkv,720.0,400.0,,tt2382298
Life of Brian [1979].avi,704.0,336.0,,tt0079470
Lights Out [2016].mkv,1916.0,796.0,,tt4786282
Like Crazy [2011].mkv,720.0,480.0,,tt1758692
Little Children [2006].mp4,1280.0,534.0,,tt0404203
Little Miss Sunshine [2006].avi,620.0,256.0,,tt0449059
Little Nicky [2000].mkv,1918.0,1038.0,,tt0185431
Lolita [1962].avi,592.0,368.0,,tt0056193
Looper [2012].avi,720.0,304.0,,tt1276104
Lord of War [2005].avi,608.0,240.0,,tt0399295
Lost Boys The Tribe [2008].avi,716.0,292.0,,tt1031254
Lucky Number Slevin [2006].avi,588.0,238.0,,tt0425210
Léon The Professional [1994].avi,608.0,272.0,,tt0110413
Machete Kills [2013].avi,640.0,352.0,,tt2002718
Machete [2010].avi,720.0,400.0,,tt0985694
Mad Max 2 The Road Warrior [1981].avi,668.0,268.0,,tt0082694
Mad Max Beyond Thunderdome [1985].avi,676.0,268.0,,tt0089530
Mad Max Fury Road [2015].mkv,1912.0,792.0,,tt1392190
Mad Max [1979].avi,640.0,270.0,,tt0079501
Magic Mike XXL [2015].mp4,1280.0,536.0,,tt2268016
Magic Mike [2012].mkv,1280.0,534.0,,tt1915581
Magnolia [1999].avi,640.0,272.0,,tt0175880
Maleficent [2014].avi,720.0,304.0,,tt1587310
Mallrats [1995].avi,608.0,320.0,,tt0113749
Mama [2013].avi,720.0,384.0,,tt2023587
Manhunter [1986].mkv,1280.0,544.0,,tt0091474
Max Payne [2008].avi,688.0,284.0,,tt0467197
Meet Dave [2008].avi,656.0,346.0,,tt0765476
Middle Man [2016].mkv,1908.0,790.0,,tt4835894
Mike and Dave Need Wedding Dates [2016].mkv,720.0,304.0,,tt2823054
Mine Games [2012].avi,720.0,304.0,,tt1928337
Mirrormask [2005].avi,576.0,304.0,,tt0366780
Misery [1990].avi,624.0,336.0,,tt0100157
Mission Impossible - Rogue Nation [2015].mkv,1916.0,800.0,,tt2381249
Monsters [2010].avi,696.0,288.0,,tt1470827
Monty Python and the Holy Grail [1975].avi,512.0,288.0,,tt0071853
Monty Python Live at the Hollywood Bowl [1982].avi,448.0,336.0,,tt0084352
My Soul to Take [2010].avi,640.0,272.0,,tt0872230
Neighbors 2 Sorority Rising [2016].mkv,1916.0,794.0,,tt4438848
Next Day Air [2009].avi,624.0,352.0,,tt1097013
Nightcrawler [2014].mkv,1916.0,796.0,,tt2872718
Nightworld [2017].mkv,1912.0,796.0,,tt5157052
Ninja Assassin [2009].avi,720.0,304.0,,tt1186367
Nitro Circus The Movie [2012].avi,720.0,400.0,,tt1815852
Non-Stop [2014].mp4,1280.0,536.0,,tt2024469
Northmen - A Viking Saga [2014].mp4,1280.0,536.0,,tt2290553
Ocean's Eleven [2001].avi,608.0,246.0,,tt0240772
Oculus [2013].mp4,1280.0,536.0,,tt2388715
Office Space [1999].avi,704.0,384.0,,tt0151804
Officer Downe [2016].avi,1280.0,530.0,,tt4439102
On the Job [2013].mkv,704.0,394.0,,tt2717558
Once Upon a Time in China II [1992].avi,720.0,304.0,,tt0105839
Once Upon a Time in China [1991].avi,608.0,256.0,,tt0103285
Once Upon a Time in Mexico [2003].avi,1280.0,720.0,,tt0285823
Ong-bak 2 [2008].mkv,1280.0,544.0,,tt0785035
Ong-bak 3 [2010].mkv,1280.0,544.0,,tt1653690
Ong-Bak The Thai Warrior [2003].mkv,1280.0,696.0,,tt0368909
Operation Avalanche [2016].mkv,1908.0,1068.0,,tt3776826
Operation Endgame [2010].avi,720.0,304.0,,tt1268987
Ordinary Decent Criminal [2000].avi,640.0,272.0,,tt0160611
Outlaw [2007].mp4,1280.0,544.0,,tt0758771
Over the Top [1987].avi,720.0,304.0,,tt0093692
Pale Cocoon [2006].mkv,858.0,480.0,,tt1506448
Pan's Labyrinth [2006].avi,528.0,288.0,,tt0457430
Pandorum [2009].mkv,1280.0,544.0,,tt1188729
Parallels [2015].avi,640.0,352.0,,tt3479316
Paranormal Activity The Ghost Dimension [2015].avi,720.0,400.0,,tt2473510
Paths of Glory [1957].avi,512.0,384.0,,tt0050825
Patton [1970].mp4,1916.0,872.0,,tt0066206
Paul Blart Mall Cop [2009].avi,1280.0,694.0,,tt1114740
Paul [2011].avi,720.0,304.0,,tt1092026
Pet [2016].mkv,1912.0,792.0,,tt1183374
Pineapple Express [2008].avi,664.0,268.0,,tt0910936
Pioneer [2013].mp4,1280.0,528.0,,tt2369205
Pitch Perfect [2012].mp4,1280.0,688.0,,tt1981677
Platoon [1986].avi,640.0,360.0,,tt0091763
Poltergeist [1982].mp4,1918.0,798.0,,tt0084516
Postal [2007].mp4,1280.0,720.0,,tt0486640
Predator 2 [1990].avi,576.0,320.0,,tt0100403
Predator [1987].avi,576.0,320.0,,tt0093773
Predators [2010].avi,672.0,272.0,,tt1424381
Primer [2004].avi,564.0,308.0,,tt0390384
Prince of Darkness [1987].mp4,1280.0,544.0,,tt0093777
Public Enemies [2009].avi,640.0,272.0,,tt1152836
Pump Up the Volume [1990].avi,608.0,336.0,,tt0100436
Quarantine [2008].avi,648.0,358.0,,tt1082868
Qun long xi feng [1989].avi,488.0,304.0,,tt0098155
Race to Witch Mountain [2009].mp4,1280.0,528.0,,tt1075417
Rage [2014].mp4,1280.0,544.0,,tt2401807
Raiders of the Lost Ark [1981].mp4,1280.0,544.0,,tt0082971
Rambo First Blood Part II [1985].avi,700.0,296.0,,tt0089880
Rambo III [1988].avi,692.0,290.0,,tt0095956
Rambo [2008].avi,652.0,356.0,,tt0462499
Rampage [2009].mkv,1280.0,534.0,,tt1337057
Raw [2016].mkv,1916.0,800.0,,tt4954522
Red Dawn [1984].mkv,1280.0,720.0,,tt0087985
Red Dawn [2012].avi,640.0,272.0,,tt1234719
Red Riding Hood [2011].avi,720.0,288.0,,tt1486185
Red Tails [2012].avi,640.0,272.0,,tt0485985
RED [2010].avi,640.0,272.0,,tt1245526
Repo Men [2010].avi,640.0,272.0,,tt1053424
Reprisal [2018].mkv,1912.0,1032.0,,tt6547170
Return from Witch Mountain [1978].mp4,720.0,400.0,,tt0078158
Revolver [2005].avi,720.0,304.0,,tt0365686
Righteous Kill [2008].avi,676.0,282.0,,tt1034331
Rise of the Planet of the Apes [2011].mp4,1280.0,544.0,,tt1318514
Road to Perdition [2002].mkv,1280.0,544.0,,tt0257044
Robin Hood [2010].avi,720.0,304.0,,tt0955308
Robot Overlords [2014].avi,720.0,400.0,,tt2145829
Role Models [2008].avi,624.0,328.0,,tt0430922
RSO [Registered Sex Offender] [2008].avi,624.0,352.0,,tt0975720
Run Lola Run [1998].mkv,1280.0,688.0,,tt0130827
Run Ronnie Run [2002].avi,560.0,302.0,,tt0258100
Sacrament [2014].mp4,1280.0,720.0,,tt2836370
Sacrifice [2016].avi,1280.0,532.0,,tt2078718
Safe House [2012].avi,720.0,304.0,,tt1599348
Safe [2012].avi,720.0,304.0,,tt1656190
Safety Not Guaranteed [2012].avi,640.0,272.0,,tt1862079
Saints and Soldiers Airborne Creed [2012].avi,720.0,304.0,,tt2082415
Saints and Soldiers [2003].avi,720.0,400.0,,tt0373283
Salt [2010].avi,624.0,256.0,,tt0944835
Salvador [1986].avi,720.0,400.0,,tt0091886
Scarface [1983].mkv,1280.0,544.0,,tt0086250
Scott Pilgrim vs. the World [2010].avi,640.0,352.0,,tt0446029
Se7en [1995].avi,608.0,272.0,,tt0114369
Season of the Witch [2011].avi,720.0,400.0,,tt0479997
Secretary [2002].avi,624.0,352.0,,tt0274812
Seeking a Friend for the End of the World [2012].avi,640.0,272.0,,tt1307068
Sexy Beast [2000].mp4,720.0,408.0,,tt0203119
Shaolin Soccer [2001].avi,608.0,336.0,,tt0286112
Shark Night 3D [2011].avi,720.0,400.0,,tt1633356
Shaun of the Dead [2004].mp4,1876.0,822.0,,tt0365748
Shin Godzilla [2016].mkv,1912.0,800.0,,tt4262980
Shutter Island [2010].avi,672.0,272.0,,tt1130884
Side Effects [2013].mp4,1280.0,696.0,,tt2053463
Sideways [2004].avi,640.0,368.0,,tt0375063
Silent Hill Revelation 3D [2012].avi,1280.0,528.0,,tt0938330
Slash [2016].mkv,1916.0,800.0,,tt4729990
Sleepwalk with Me [2012].avi,624.0,336.0,,tt2077851
Smiley Face [2007].avi,640.0,352.0,,tt0780608
Smiley [2012].avi,720.0,384.0,,tt2025667
Smokin' Aces [2006].avi,596.0,246.0,,tt0475394
Snake in the Eagle's Shadow [1978].avi,352.0,240.0,,tt0078252
Snowden [2016].mkv,1912.0,800.0,,tt3774114
"Something, Something, Something, Dark Side [2010].avi",512.0,384.0,,tt1329665
Soul Surfer [2011].avi,608.0,256.0,,tt1596346
South Park Bigger Longer & Uncut [1999].mp4,720.0,400.0,,tt0158983
Southland Tales [2006].avi,644.0,260.0,,tt0405336
Spartacus [1960].avi,528.0,240.0,,tt0054331
Splinter [2008].avi,664.0,282.0,,tt1031280
Stanley Kubrick A Life in Pictures [2001].avi,432.0,304.0,,tt0278736
Star Trek Beyond [2016].mkv,1912.0,800.0,,tt2660888
Stardust [2007].avi,608.0,256.0,,tt0486655
Step Brothers [2008].avi,664.0,268.0,,tt0838283
Stewie Griffin The Untold Story [2005].avi,640.0,480.0,,tt0385690
Stone [2010].avi,640.0,256.0,,tt1423995
Storming Juno [2010].mkv,688.0,384.0,,tt1776305
Strange Brew [1983].avi,720.0,400.0,,tt0086373
Stranger Than Fiction [2006].avi,560.0,296.0,,tt0420223
Strapped [1993].mp4,720.0,304.0,,tt0108230
Stratton [2017].mkv,1912.0,800.0,,tt3567666
Sucker Punch [2011].avi,640.0,272.0,,tt0978764
Suicide Squad [2016].mkv,1916.0,796.0,,tt1386697
Sukiyaki Western Django [2007].avi,720.0,304.0,,tt0906665
Sunshine Superman [2014].mp4,1280.0,720.0,,tt1322313
Sunshine [2007].avi,652.0,272.0,,tt0448134
Superbad [2007].mp4,1280.0,692.0,,tt0829482
Surrogates [2009].avi,720.0,304.0,,tt0986263
Swept Away [2002].avi,704.0,384.0,,tt0291502
Swordfish [2001].mp4,1280.0,528.0,,tt0244244
Synchronicity [2015].avi,640.0,272.0,,tt2049543
Tai-Chi Master [1993].avi,608.0,320.0,,tt0108281
Take This Waltz [2011].mkv,1280.0,696.0,,tt1592281
Taken [2008].avi,696.0,284.0,,tt0936501
Talladega Nights The Ballad of Ricky Bobby [2006].avi,580.0,234.0,,tt0415306
Tasmanian Devils [2013].avi,640.0,352.0,,tt2180543
Taxi Driver [1976].avi,608.0,336.0,,tt0075314
Teacher of the Year [2014].avi,720.0,400.0,,tt2076346
Ted [2012].avi,720.0,384.0,,tt1637725
Teenage Mutant Ninja Turtles Out of the Shadows [2016].mkv,1916.0,796.0,,tt3949660
Teeth [2007].avi,660.0,360.0,,tt0780622
Tenacious D in The Pick of Destiny [2006].avi,600.0,320.0,,tt0365830
Terminator 2 Judgment Day [1991].avi,624.0,262.0,,tt0103064
Terminator 3 Rise of the Machines [2003].avi,672.0,272.0,,tt0181852
That's My Boy [2012].mp4,1280.0,536.0,,tt1232200
The 40-Year-Old Virgin [2005].mp4,1280.0,688.0,,tt0405422
The A-Team [2010].mp4,1280.0,544.0,,tt0429493
The Adjustment Bureau [2011].avi,720.0,384.0,,tt1385826
The Andromeda Strain [2008].avi,720.0,400.0,,tt0424600
The Assignment [2016].mkv,1912.0,792.0,,tt5034474
The Baader Meinhof Complex [2008].avi,720.0,384.0,,tt0765432
The Bay [2012].avi,640.0,336.0,,tt1713476
The Benchwarmers [2006].avi,556.0,290.0,,tt0437863
The Big Red One [1980].avi,704.0,384.0,,tt0080437
The Book of Eli [2010].avi,640.0,272.0,,tt1037705
The Bourne Identity [1988].avi,608.0,332.0,,tt0094791
The Bourne Identity [2002].avi,660.0,272.0,,tt0258463
The Bourne Legacy [2012].mp4,1280.0,536.0,,tt1194173
The Bourne Supremacy [2004].avi,660.0,272.0,,tt0372183
The Bourne Ultimatum [2007].avi,672.0,272.0,,tt0440963
The Box [2009].avi,720.0,304.0,,tt0362478
The Cabin in the Woods [2012].avi,640.0,224.0,,tt1259521
The Call of Cthulhu [2005].avi,576.0,432.0,,tt0478988
The Cat from Outer Space [1978].mp4,720.0,400.0,,tt0077305
The Company Men [2010].mp4,1280.0,720.0,,tt1172991
The Day the Earth Stood Still [2008].avi,676.0,278.0,,tt0970416
The Devil's Rejects [2005].avi,704.0,400.0,,tt0395584
The Disappointments Room [2016].mkv,1916.0,800.0,,tt2364897
The Do-Deca-Pentathlon [2012].avi,640.0,352.0,,tt0811137
The Drawn Together Movie The Movie! [2010].avi,720.0,416.0,,tt1546036
The Drop [2014].mp4,1280.0,536.0,,tt1600196
The Edge [1997].avi,532.0,220.0,,tt0119051
The Enforcer [1976].mkv,1280.0,528.0,,tt0074483
The Exorcism of Molly Hartley [2015].avi,720.0,400.0,,tt3800796
The Expendables [2010].avi,640.0,272.0,,tt1320253
The Family Fang [2015].mkv,1280.0,534.0,,tt2097331
The Final Destination [2009].mp4,1280.0,536.0,,tt1144884
The Fog [1980].avi,656.0,496.0,,tt0080749
The Forest [2016].avi,1280.0,690.0,,tt3387542
The Fourth Kind [2009].avi,640.0,272.0,,tt1220198
The Freebie [2010].avi,660.0,352.0,,tt1474889
The Fugitive [1993].avi,560.0,320.0,,tt0106977
The Gauntlet [1977].avi,512.0,216.0,,tt0076070
The Gene Generation [2007].mkv,1280.0,720.0,,tt0438052
The Gift [2000].mp4,1280.0,688.0,,tt0219699
The Gift [2015].avi,720.0,304.0,,tt4178092
The Girl Who Kicked the Hornet's Nest [2009].avi,608.0,336.0,,tt1343097
The Girl Who Played with Fire [2009].avi,640.0,352.0,,tt1216487
The Girl with the Dragon Tattoo [2009].avi,640.0,272.0,,tt1132620
The Girl with the Dragon Tattoo [2011].mp4,1280.0,536.0,,tt1568346
The Giver [2014].mkv,1280.0,520.0,,tt0435651
The Godfather [1972].mp4,1280.0,720.0,,tt0068646
The Grand Budapest Hotel [2014].mp4,1280.0,688.0,,tt2278388
The Hangover [2009].avi,672.0,272.0,,tt1119646
The Happening [2008].avi,628.0,334.0,,tt0949731
The Haunting of Molly Hartley [2008].avi,640.0,352.0,,tt1045655
The Hitchhiker's Guide to the Galaxy [2005].mp4,720.0,304.0,,tt0371724
The Horde [2016].avi,720.0,304.0,,tt3924782
The Hornet's Nest [2014].avi,640.0,352.0,,tt2611026
The House of the Devil [2009].mkv,1280.0,720.0,,tt1172994
The Hurt Locker [2008].avi,624.0,336.0,,tt0887912
The Inbetweeners Movie [2011].avi,640.0,352.0,,tt1716772
The Incredible Hulk [2008].avi,668.0,278.0,,tt0800080
The Informant! [2009].avi,608.0,336.0,,tt1130080
The Internship [2013].mp4,1280.0,544.0,,tt2234155
The Interview [2014].avi,1280.0,536.0,,tt2788710
The Invention of Lying [2009].avi,640.0,352.0,,tt1058017
The Karate Kid [2010].avi,704.0,288.0,,tt1155076
The Killing Fields [1984].mkv,704.0,400.0,,tt0087553
The Killing Floor [2007].avi,620.0,326.0,,tt0756672
The Killing [1956].avi,576.0,432.0,,tt0049406
The Last Exorcism Part II [2013].mp4,1280.0,528.0,,tt2034139
The Last Exorcism [2010].avi,600.0,320.0,,tt1320244
The Last Stand [2013].mp4,1280.0,536.0,,tt1549920
The Lawnmower Man [1992].avi,576.0,320.0,,tt0104692
The Legend II [1993].avi,580.0,314.0,,tt0106937
The Legend of Drunken Master [1994].avi,704.0,400.0,,tt0111512
The Legend of Tarzan [2016].mkv,1916.0,796.0,,tt0918940
The Legend [1993].avi,580.0,314.0,,tt0106936
The LEGO Batman Movie [2017].mkv,1912.0,792.0,,tt4116284
The Lego Movie [2014].mp4,1280.0,536.0,,tt1490017
The Lookout [2007].avi,676.0,276.0,,tt0427470
The Lost Boys [1987].avi,712.0,280.0,,tt0093437
The Lost World Jurassic Park [1997].avi,640.0,340.0,,tt0119567
The Machine [2013].mp4,1280.0,720.0,,tt2317225
The Machinist [2004].avi,640.0,272.0,,tt0361862
The Man Who Wasn't There [2001].mkv,1280.0,696.0,,tt0243133
The Man with the Iron Fists [2012].avi,720.0,340.0,,tt1258972
The Martian [2015].avi,720.0,304.0,,tt3659388
The Meaning of Life [1983].avi,608.0,336.0,,tt0085959
The Midnight Meat Train [2008].avi,640.0,272.0,,tt0805570
The Mist [2007].avi,564.0,300.0,,tt0884328
The Mothman Prophecies [2002].avi,704.0,304.0,,tt0265349
The Myth of the American Sleepover [2010].avi,640.0,272.0,,tt1174042
The Neighbor [2016].mkv,1908.0,800.0,,tt3330764
The Onion Movie [2008].avi,660.0,352.0,,tt0392878
The Orphanage [2007].avi,668.0,278.0,,tt0464141
The Other Side of the Door [2016].avi,1280.0,534.0,,tt3702652
The Outlaw Josey Wales [1976].avi,640.0,304.0,,tt0075029
The Perks of Being a Wallflower [2012].avi,624.0,352.0,,tt1659337
The Prodigal Son [1981].avi,720.0,304.0,,tt0085211
The Public Enemy [1931].avi,544.0,384.0,,tt0022286
The Purge Election Year [2016].mkv,1916.0,794.0,,tt4094724
The Pyramid [2014].avi,720.0,304.0,,tt2799166
The Raid Redemption [2011].avi,640.0,360.0,,tt1899353
The Revenant [2015].mkv,1916.0,792.0,,tt1663202
The Ringer [2005].avi,580.0,242.0,,tt0267891
The Road [2009].avi,640.0,272.0,,tt0898367
The Rock [1996].avi,608.0,272.0,,tt0117500
The Rocky Horror Picture Show [1975].mp4,1280.0,768.0,,tt0073629
The Rum Diary [2011].mp4,1280.0,696.0,,tt0376136
The Salton Sea [2002].avi,576.0,320.0,,tt0235737
The Seafarers [1953].avi,480.0,368.0,,tt0045130
The Secret Life of Walter Mitty [2013].mp4,1280.0,536.0,,tt0359950
The Shining [1980].avi,512.0,384.0,,tt0081505
The Signal [2014].avi,720.0,304.0,,tt2910814
The SpongeBob Movie Sponge Out of Water [2015].mp4,1280.0,720.0,,tt2279373
The Spy Who Dumped Me [2018].mkv,1912.0,792.0,,tt6663582
"Stephen King's The Stand, Part 1 - The Plague.mkv",706.0,480.0,,tt0108941
The Sting [1973].avi,688.0,400.0,,tt0070735
The Terminator [1984].avi,632.0,334.0,,tt0088247
The Theory of Everything [2014].avi,720.0,304.0,,tt2980516
The Town That Dreaded Sundown [1976].mp4,1280.0,544.0,,tt0075342
The Town [2010].avi,640.0,256.0,,tt0840361
The Void [2016].mkv,1904.0,788.0,,tt4255304
The Watch [2012].avi,720.0,304.0,,tt1298649
The Wolfman [2010].avi,608.0,320.0,,tt0780653
The Zero Theorem [2013].mp4,1280.0,736.0,,tt2333804
There's Something About Mary [1998].avi,640.0,360.0,,tt0129387
This Is Spinal Tap [1984].avi,640.0,352.0,,tt0088258
This Is the End [2013].mp4,1280.0,536.0,,tt1245492
Thor [2011].avi,720.0,304.0,,tt0800369
Thunderbolt and Lightfoot [1974].avi,672.0,304.0,,tt0072288
Tightrope [1984].avi,592.0,320.0,,tt0088272
"To Wong Foo Thanks for Everything, Julie Newmar [1995].mp4",688.0,368.0,,tt0114682
Total Recall [2012].avi,720.0,304.0,,tt1386703
Transcendence [2014].mp4,1280.0,536.0,,tt2209764
Transformers Age of Extinction [2014].mp4,1280.0,536.0,,tt2109248
Transformers Dark of the Moon [2011].avi,624.0,256.0,,tt1399103
Transformers Revenge of the Fallen [2009].avi,640.0,272.0,,tt1055369
Transformers [2007].avi,664.0,268.0,,tt0418279
Trash Fire [2016].mkv,1904.0,792.0,,tt5076792
Tremors 3 Back to Perfection [2001].avi,544.0,288.0,,tt0259685
Tremors 4 The Legend Begins [2004].avi,576.0,304.0,,tt0334541
Tremors II Aftershocks [1996].avi,720.0,480.0,,tt0114720
Tremors [1990].avi,720.0,336.0,,tt0100814
Trollhunter [2010].avi,720.0,400.0,,tt1740707
Tropic Thunder [2008].avi,664.0,280.0,,tt0942385
Trust [2010].avi,608.0,336.0,,tt1529572
Turbo Kid [2015].mp4,1280.0,536.0,,tt3672742
Twelve Monkeys [1995].mp4,1280.0,694.0,,tt0114746
Uncle Buck [1989].mp4,1280.0,696.0,,tt0098554
Under the Skin [2013].mp4,1280.0,692.0,,tt1441395
Under the Sun [2015].mkv,1912.0,1028.0,,tt5129818
Unfinished Business [2015].mp4,1280.0,528.0,,tt2358925
Untraceable [2008].avi,652.0,356.0,,tt0880578
Up [2009].avi,624.0,352.0,,tt1049413
Urge [2016].avi,720.0,384.0,,tt4083572
Viral [2016].mkv,1908.0,800.0,,tt2597892
Virtuality [2009].avi,640.0,352.0,,tt1219836
Walk Hard The Dewey Cox Story [2007].avi,664.0,268.0,,tt0841046
Walk the Line [2005].mp4,1280.0,528.0,,tt0358273
Walking with Dinosaurs 3D [2013].mp4,1280.0,536.0,,tt1762399
WALL·E [2008].avi,688.0,284.0,,tt0910970
Waltz with Bashir [2008].avi,640.0,352.0,,tt1185616
Wanted [2008].avi,668.0,278.0,,tt0493464
War Pigs [2015].mkv,1280.0,720.0,,tt3779300
"War, Inc. [2008].avi",640.0,362.0,,tt0884224
Warcraft The Beginning [2016].mkv,1916.0,784.0,,tt0803096
We're the Millers [2013].mp4,1280.0,536.0,,tt1723121
Westworld [1973].mp4,1914.0,796.0,,tt0070909
Whatever Works [2009].avi,624.0,352.0,,tt1178663
Where the Wild Things Are [2009].avi,640.0,272.0,,tt0386117
White Hunter Black Heart [1990].mp4,718.0,576.0,,tt0100928
Who Framed Roger Rabbit [1988].avi,720.0,432.0,,tt0096438
Wild Hogs [2007].avi,664.0,274.0,,tt0486946
Wing Chun [1994].avi,560.0,320.0,,tt0111800
Won't You Be My Neighbor [2018].mkv,1916.0,1032.0,,tt7681902
World Trade Center [2006].avi,516.0,282.0,,tt0469641
World's Greatest Dad [2009].avi,640.0,352.0,,tt1262981
Wrath of the Titans [2012].avi,608.0,336.0,,tt1646987
Wrecked [2010].avi,640.0,272.0,,tt1316622
You Don't Mess with the Zohan [2008].mp4,1280.0,694.0,,tt0960144
You're Next [2011].avi,1280.0,536.0,,tt1853739
Your Highness [2011].avi,624.0,256.0,,tt1240982
Zack and Miri Make a Porno [2008].avi,636.0,346.0,,tt1007028
Zombie Hunter [2013].mp4,1280.0,544.0,,tt2446502
Zombie Strippers [2008].avi,692.0,288.0,,tt0960890
Zoom [2015].mkv,1904.0,800.0,,tt3763866
[Rec] [2007].mp4,592.0,320.0,,tt1038988
