"position","const","created","modified","description","Title","Title type","Directors","RDLongoria rated","IMDb Rating","Runtime (mins)","Year","Genres","Num. Votes","Release Date (month/day/year)","URL"
"1","tt0141842","Wed Apr 24 13:40:46 2013","Wed Apr 24 13:40:46 2013","","The Sopranos","TV Series","","9","9.2","55","1999","crime, drama","186418","1999-01-10","http://www.imdb.com/title/tt0141842/"
"2","tt0944947","Wed Apr 24 13:40:46 2013","Wed Apr 24 13:40:46 2013","","Game of Thrones","TV Series","","10","9.5","56","2011","adventure, drama, fantasy","982969","2011-04-17","http://www.imdb.com/title/tt0944947/"
"3","tt0306414","Wed Apr 24 13:40:46 2013","Wed Apr 24 13:40:46 2013","","The Wire","TV Series","","8","9.4","59","2002","crime, drama, thriller","185512","2002-06-02","http://www.imdb.com/title/tt0306414/"
"4","tt0773262","Wed Apr 24 13:40:46 2013","Wed Apr 24 13:40:46 2013","","Dexter","TV Series","","7","8.8","53","2006","crime, drama, mystery, thriller","490492","2006-10-01","http://www.imdb.com/title/tt0773262/"
"5","tt0903747","Wed Apr 24 13:40:46 2013","Wed Apr 24 13:40:46 2013","","Breaking Bad","TV Series","","8","9.5","49","2008","crime, drama, thriller","857099","2008-01-20","http://www.imdb.com/title/tt0903747/"
"6","tt1520211","Wed Apr 24 13:40:46 2013","Wed Apr 24 13:40:46 2013","","The Walking Dead","TV Series","","7","8.6","44","2010","drama, horror, sci_fi, thriller","622373","2010-10-31","http://www.imdb.com/title/tt1520211/"
"7","tt0979432","Wed Apr 24 13:40:46 2013","Wed Apr 24 13:40:46 2013","","Boardwalk Empire","TV Series","","9","8.6","55","2010","crime, drama, history","133971","2010-09-19","http://www.imdb.com/title/tt0979432/"
"8","tt0384766","Wed Apr 24 13:40:46 2013","Wed Apr 24 13:40:46 2013","","Rome","TV Series","","9","8.9","90","2005","action, drama, history, romance, war","111287","2005-08-28","http://www.imdb.com/title/tt0384766/"
"9","tt0804503","Wed Apr 24 13:40:46 2013","Wed Apr 24 13:40:46 2013","","Mad Men","TV Series","","7","8.6","47","2007","drama","141241","2007-07-19","http://www.imdb.com/title/tt0804503/"
"10","tt1124373","Wed Apr 24 13:40:46 2013","Wed Apr 24 13:40:46 2013","","Sons of Anarchy","TV Series","","6","8.6","45","2008","crime, drama, thriller","177388","2008-09-03","http://www.imdb.com/title/tt1124373/"
"11","tt0200276","Wed Apr 24 13:40:46 2013","Wed Apr 24 13:40:46 2013","","The West Wing","TV Series","","7","8.8","44","1999","drama","43369","1999-09-22","http://www.imdb.com/title/tt0200276/"
"12","tt0439100","Wed Apr 24 13:40:46 2013","Wed Apr 24 13:40:46 2013","","Weeds","TV Series","","6","8.0","28","2005","comedy, crime, drama","86256","2005-08-07","http://www.imdb.com/title/tt0439100/"
"13","tt0411008","Wed Apr 24 13:40:46 2013","Wed Apr 24 13:40:46 2013","","Lost","TV Series","","8","8.4","44","2004","adventure, drama, fantasy, mystery, sci_fi, thriller","372326","2004-09-22","http://www.imdb.com/title/tt0411008/"
"14","tt1632701","Wed Apr 24 13:40:46 2013","Wed Apr 24 13:40:46 2013","","Suits","TV Series","","7","8.7","44","2011","comedy, drama","235753","2011-06-23","http://www.imdb.com/title/tt1632701/"
"15","tt1796960","Wed Apr 24 13:40:46 2013","Wed Apr 24 13:40:46 2013","","Homeland","TV Series","","","8.4","55","2011","crime, drama, mystery, thriller","225511","2011-10-02","http://www.imdb.com/title/tt1796960/"
"16","tt1442449","Wed Apr 24 13:40:46 2013","Wed Apr 24 13:40:46 2013","","Spartacus: War of the Damned","TV Series","","9","8.6","55","2010","action, adventure, biography, drama, history","170890","2010-01-22","http://www.imdb.com/title/tt1442449/"
"17","tt0096697","Wed Apr 24 13:40:46 2013","Wed Apr 24 13:40:46 2013","","The Simpsons","TV Series","","5","8.8","22","1989","animation, comedy","261594","1989-12-17","http://www.imdb.com/title/tt0096697/"
"18","tt0182576","Wed Apr 24 13:40:46 2013","Wed Apr 24 13:40:46 2013","","Family Guy","TV Series","","6","8.3","22","1999","animation, comedy","236117","1999-01-31","http://www.imdb.com/title/tt0182576/"
"19","tt0460649","Wed Apr 24 13:40:47 2013","Wed Apr 24 13:40:47 2013","","How I Met Your Mother","TV Series","","6","8.4","22","2005","comedy, romance","445155","2005-09-19","http://www.imdb.com/title/tt0460649/"
"20","tt0118421","Wed Apr 24 13:40:47 2013","Wed Apr 24 13:40:47 2013","","Oz","TV Series","Gregory Dark","6","8.8","55","1997","crime, drama, thriller","65712","1997-07-12","http://www.imdb.com/title/tt0118421/"
"21","tt0303461","Wed Apr 24 13:40:47 2013","Wed Apr 24 13:40:47 2013","","Firefly","TV Series","","8","9.1","44","2002","adventure, drama, sci_fi","184901","2002-09-20","http://www.imdb.com/title/tt0303461/"
"22","tt0149460","Wed Apr 24 13:40:47 2013","Wed Apr 24 13:40:47 2013","","Futurama","TV Series","","6","8.6","22","1999","animation, comedy, sci_fi","150635","1999-03-28","http://www.imdb.com/title/tt0149460/"
"23","tt0121955","Wed Apr 24 13:40:47 2013","Wed Apr 24 13:40:47 2013","","South Park","TV Series","","6","8.8","22","1997","animation, comedy","235050","1997-08-13","http://www.imdb.com/title/tt0121955/"
"24","tt0387199","Wed Apr 24 13:40:47 2013","Wed Apr 24 13:40:47 2013","","Entourage","TV Series","","6","8.6","28","2004","comedy, drama","134184","2004-07-18","http://www.imdb.com/title/tt0387199/"
"25","tt0904208","Wed Apr 24 13:40:47 2013","Wed Apr 24 13:40:47 2013","","Californication","TV Series","Adam Bernstein","8","8.4","28","2007","comedy, drama","145410","2007-08-13","http://www.imdb.com/title/tt0904208/"
"26","tt0098904","Wed Apr 24 13:40:47 2013","Wed Apr 24 13:40:47 2013","","Seinfeld","TV Series","","7","8.9","22","1989","comedy","169390","1989-07-05","http://www.imdb.com/title/tt0098904/"
"27","tt0319969","Wed Apr 24 13:40:47 2013","Wed Apr 24 13:40:47 2013","","Carniv√†le","TV Series","","8","8.5","55","2003","drama, fantasy, mystery, thriller","33506","2003-09-14","http://www.imdb.com/title/tt0319969/"
"28","tt0805663","Wed Apr 24 13:40:47 2013","Wed Apr 24 13:40:47 2013","","Jericho","TV Series","","7","8.0","45","2006","action, drama, mystery, sci_fi","47391","2006-09-20","http://www.imdb.com/title/tt0805663/"
"29","tt1441135","Wed Apr 24 13:40:47 2013","Wed Apr 24 13:40:47 2013","","Flashforward","TV Series","","8","7.6","42","2009","drama, mystery, sci_fi, thriller","54028","2009-09-24","http://www.imdb.com/title/tt1441135/"
"30","tt0844441","Wed Apr 24 13:40:47 2013","Wed Apr 24 13:40:47 2013","","True Blood","TV Series","","7","7.9","55","2008","drama, fantasy, mystery, romance, thriller","202133","2008-09-07","http://www.imdb.com/title/tt0844441/"
"31","tt1405406","Wed Apr 24 13:40:47 2013","Wed Apr 24 13:40:47 2013","","The Vampire Diaries","TV Series","","","7.9","43","2009","drama, fantasy, horror, mystery, romance, thriller","216964","2009-09-10","http://www.imdb.com/title/tt1405406/"
"32","tt0367279","Wed Apr 24 13:40:47 2013","Wed Apr 24 13:40:47 2013","","Arrested Development","TV Series","","8","9.0","22","2003","comedy","208592","2003-11-02","http://www.imdb.com/title/tt0367279/"
"33","tt0348914","Wed Apr 24 13:40:47 2013","Wed Apr 24 13:40:47 2013","","Deadwood","TV Series","","9","8.8","55","2004","crime, drama, history, western","64207","2004-03-21","http://www.imdb.com/title/tt0348914/"
"34","tt0248654","Wed Apr 24 13:40:47 2013","Wed Apr 24 13:40:47 2013","","Six Feet Under","TV Series","","7","8.8","55","2001","comedy, drama","89572","2001-06-03","http://www.imdb.com/title/tt0248654/"
"35","tt1833285","Wed Apr 24 13:40:47 2013","Wed Apr 24 13:40:47 2013","","Boss","TV Series","","","8.1","56","2011","crime, drama","15241","2011-10-21","http://www.imdb.com/title/tt1833285/"
"36","tt1699748","Wed Apr 24 13:40:47 2013","Wed Apr 24 13:40:47 2013","","Hell on Wheels","TV Series","","8","8.3","42","2011","drama, western","37057","2011-11-06","http://www.imdb.com/title/tt1699748/"
"37","tt0286486","Wed Apr 24 13:40:47 2013","Wed Apr 24 13:40:47 2013","","The Shield","TV Series","","7","8.7","47","2002","crime, drama, thriller","54304","2002-03-12","http://www.imdb.com/title/tt0286486/"
"38","tt1595859","Wed Apr 24 13:40:47 2013","Wed Apr 24 13:40:47 2013","","Blue Bloods","TV Series","","6","7.5","43","2010","crime, drama","21184","2010-09-24","http://www.imdb.com/title/tt1595859/"
"39","tt1548850","Wed Apr 24 13:40:47 2013","Wed Apr 24 13:40:47 2013","","Misfits","TV Series","","","8.3","60","2009","comedy, drama, fantasy, sci_fi","73210","2009-11-12","http://www.imdb.com/title/tt1548850/"
"40","tt1586680","Wed Apr 24 13:40:47 2013","Wed Apr 24 13:40:47 2013","","Shameless","TV Series","","8","8.7","46","2011","comedy, drama","94414","2011-01-09","http://www.imdb.com/title/tt1586680/"
"41","tt0898266","Wed Apr 24 13:40:47 2013","Wed Apr 24 13:40:47 2013","","The Big Bang Theory","TV Series","","6","8.4","22","2007","comedy","525470","2006-05-01","http://www.imdb.com/title/tt0898266/"
"42","tt0381798","Wed Apr 24 13:40:47 2013","Wed Apr 24 13:40:47 2013","","Rescue Me","TV Series","","7","8.4","60","2004","drama, comedy","22257","2004-07-21","http://www.imdb.com/title/tt0381798/"
"43","tt1582457","Wed Apr 24 13:40:47 2013","Wed Apr 24 13:40:47 2013","","The Borgias","TV Series","","7","7.9","50","2011","crime, drama, history","38568","2011-04-03","http://www.imdb.com/title/tt1582457/"
"44","tt0472954","Wed Apr 24 13:40:47 2013","Wed Apr 24 13:40:47 2013","","It's Always Sunny in Philadelphia","TV Series","","5","8.8","22","2005","comedy","131305","2005-08-04","http://www.imdb.com/title/tt0472954/"
"45","tt0106179","Wed Apr 24 13:40:47 2013","Wed Apr 24 13:40:47 2013","","The X-Files","TV Series","","6","8.7","45","1993","drama, mystery, sci_fi, thriller","145478","1993-09-10","http://www.imdb.com/title/tt0106179/"
"46","tt0264235","Wed Apr 24 13:40:47 2013","Wed Apr 24 13:40:47 2013","","Curb Your Enthusiasm","TV Series","","6","8.7","28","2000","comedy","65320","2000-10-15","http://www.imdb.com/title/tt0264235/"
"47","tt1582350","Wed Apr 24 13:40:47 2013","Wed Apr 24 13:40:47 2013","","Episodes","TV Series","","","7.8","30","2011","comedy","24822","2011-01-09","http://www.imdb.com/title/tt1582350/"
"48","tt1844624","Wed Apr 24 13:40:47 2013","Wed Apr 24 13:40:47 2013","","American Horror Story","TV Series","","4","8.2","60","2011","drama, horror, thriller","190194","2011-10-05","http://www.imdb.com/title/tt1844624/"
"49","tt1797404","Wed Apr 24 13:40:47 2013","Wed Apr 24 13:40:47 2013","","House of Lies","TV Series","","","7.4","28","2012","comedy, drama","19765","2012-01-08","http://www.imdb.com/title/tt1797404/"
"50","tt1474684","Wed Apr 24 13:40:47 2013","Wed Apr 24 13:40:47 2013","","Luther","TV Series","","8","8.6","60","2010","crime, drama, mystery","68377","2010-05-04","http://www.imdb.com/title/tt1474684/"
"51","tt1489428","Wed Apr 24 13:40:47 2013","Wed Apr 24 13:40:47 2013","","Justified","TV Series","","5","8.6","44","2010","action, crime, drama, romance, thriller","63088","2010-03-16","http://www.imdb.com/title/tt1489428/"
"52","tt0285331","Wed Apr 24 13:40:47 2013","Wed Apr 24 13:40:47 2013","","24","TV Series","","7","8.4","44","2001","action, crime, drama, mystery, thriller","145189","2001-11-06","http://www.imdb.com/title/tt0285331/"
"53","tt1475582","Wed Apr 24 13:40:47 2013","Wed Apr 24 13:40:47 2013","","Sherlock","TV Series","","7","9.3","88","2010","crime, drama, mystery","489975","2010-07-25","http://www.imdb.com/title/tt1475582/"
"54","tt1637727","Wed Apr 24 13:40:47 2013","Wed Apr 24 13:40:47 2013","","The Killing","TV Series","","6","8.2","45","2011","crime, drama, mystery, thriller","66795","2011-04-03","http://www.imdb.com/title/tt1637727/"
"55","tt0285403","Wed Apr 24 13:40:47 2013","Wed Apr 24 13:40:47 2013","","Scrubs","TV Series","","6","8.4","22","2001","comedy, drama","191121","2001-10-02","http://www.imdb.com/title/tt0285403/"
"56","tt0412142","Wed Apr 24 13:40:47 2013","Wed Apr 24 13:40:47 2013","","House M.D.","TV Series","","6","8.8","44","2004","drama, mystery","301312","2004-11-16","http://www.imdb.com/title/tt0412142/"
"57","tt0413573","Wed Apr 24 13:40:47 2013","Wed Apr 24 13:40:47 2013","","Grey's Anatomy","TV Series","","5","7.7","41","2005","drama, romance","159605","2005-03-27","http://www.imdb.com/title/tt0413573/"
"58","tt0108757","Wed Apr 24 13:40:47 2013","Wed Apr 24 13:40:47 2013","","ER","TV Series","","7","7.7","44","1994","drama, romance","39425","1994-09-19","http://www.imdb.com/title/tt0108757/"
"59","tt0108778","Wed Apr 24 13:40:47 2013","Wed Apr 24 13:40:47 2013","","Friends","TV Series","","5","9.0","22","1994","comedy, romance","468054","1994-09-22","http://www.imdb.com/title/tt0108778/"
"60","tt1119644","Wed Apr 24 13:40:47 2013","Wed Apr 24 13:40:47 2013","","Fringe","TV Series","","5","8.5","46","2008","drama, mystery, sci_fi, thriller","175932","2008-09-09","http://www.imdb.com/title/tt1119644/"
"61","tt0460681","Wed Apr 24 13:40:47 2013","Wed Apr 24 13:40:47 2013","","Supernatural","TV Series","","6","8.6","44","2005","drama, fantasy, horror, mystery, thriller","279396","2005-09-13","http://www.imdb.com/title/tt0460681/"
"62","tt0098936","Wed Apr 24 13:40:47 2013","Wed Apr 24 13:40:47 2013","","Twin Peaks","TV Series","","6","8.9","47","1990","crime, drama, mystery, thriller","107380","1989-09","http://www.imdb.com/title/tt0098936/"
"63","tt0118276","Wed Apr 24 13:40:47 2013","Wed Apr 24 13:40:47 2013","","Buffy the Vampire Slayer","TV Series","","7","8.2","44","1997","action, drama, fantasy, romance","100842","1996-10","http://www.imdb.com/title/tt0118276/"
"64","tt0162065","Wed Apr 24 13:40:47 2013","Wed Apr 24 13:40:47 2013","","Angel","TV Series","","7","8.0","44","1999","action, drama, fantasy, thriller","50991","1999-10-05","http://www.imdb.com/title/tt0162065/"
"65","tt0312172","Wed Apr 24 13:40:47 2013","Wed Apr 24 13:40:47 2013","","Monk","TV Series","","7","8.0","47","2002","comedy, crime, drama, mystery","50189","2002-07-12","http://www.imdb.com/title/tt0312172/"
"66","tt0412253","Wed Apr 24 13:40:47 2013","Wed Apr 24 13:40:47 2013","","Veronica Mars","TV Series","","7","8.4","44","2004","crime, drama, mystery","55161","2004-09-22","http://www.imdb.com/title/tt0412253/"
"67","tt0758745","Wed Apr 24 13:40:47 2013","Wed Apr 24 13:40:47 2013","","Friday Night Lights","TV Series","","7","8.7","44","2006","drama, sport","42083","2006-10-03","http://www.imdb.com/title/tt0758745/"
"68","tt0436992","Wed Apr 24 13:40:47 2013","Wed Apr 24 13:40:47 2013","","Doctor Who","TV Series","","8","8.8","45","2005","adventure, drama, family, mystery, sci_fi","146312","2005-03-26","http://www.imdb.com/title/tt0436992/"
"69","tt0407362","Wed Apr 24 13:40:47 2013","Wed Apr 24 13:40:47 2013","","Battlestar Galactica","TV Series","","9","8.8","44","2004","action, adventure, drama, sci_fi","119019","2004-10-18","http://www.imdb.com/title/tt0407362/"
"70","tt1073507","Wed Apr 24 13:40:47 2013","Wed Apr 24 13:40:47 2013","","Party Down","TV Series","Rob Thomas","","8.3","30","2009","comedy","23559","2009-03-20","http://www.imdb.com/title/tt1073507/"
"71","tt1439629","Wed Apr 24 13:40:47 2013","Wed Apr 24 13:40:47 2013","","Community","TV Series","","5","8.6","22","2009","comedy","142953","2009-09-17","http://www.imdb.com/title/tt1439629/"
"72","tt1266020","Wed Apr 24 13:40:47 2013","Wed Apr 24 13:40:47 2013","","Parks and Recreation","TV Series","","5","8.6","22","2009","comedy","119229","2009-04-09","http://www.imdb.com/title/tt1266020/"
"73","tt1492966","Wed Apr 24 13:40:47 2013","Wed Apr 24 13:40:47 2013","","Louie","TV Series","","","8.6","22","2010","comedy, drama","57431","2010-06-29","http://www.imdb.com/title/tt1492966/"
"74","tt1486217","Wed Apr 24 13:40:47 2013","Wed Apr 24 13:40:47 2013","","Archer","TV Series","","","8.8","22","2009","animation, action, comedy","86375","2009-09-17","http://www.imdb.com/title/tt1486217/"
"75","tt1587678","Wed Apr 24 13:40:47 2013","Wed Apr 24 13:40:47 2013","","Happy Endings","TV Series","","7","7.7","22","2011","comedy","29690","2011-04-13","http://www.imdb.com/title/tt1587678/"
"76","tt0361217","Wed Apr 24 13:40:47 2013","Wed Apr 24 13:40:47 2013","","Nip/Tuck","TV Series","","5","7.7","44","2003","drama","47043","2003-07-22","http://www.imdb.com/title/tt0361217/"
"77","tt0212671","Wed Apr 24 13:40:47 2013","Wed Apr 24 13:40:47 2013","","Malcolm in the Middle","TV Series","","5","8.0","22","2000","comedy","95053","2000-01-09","http://www.imdb.com/title/tt0212671/"
"78","tt0455275","Wed Apr 24 13:40:47 2013","Wed Apr 24 13:40:47 2013","","Prison Break","TV Series","","5","8.5","44","2005","action, crime, drama, mystery, thriller","322280","2005-08-29","http://www.imdb.com/title/tt0455275/"
"79","tt1870479","Wed Apr 24 13:40:47 2013","Wed Apr 24 13:40:47 2013","","The Newsroom","TV Series","","","8.6","55","2012","drama","78822","2012-06-24","http://www.imdb.com/title/tt1870479/"
"80","tt1442437","Wed Apr 24 13:40:47 2013","Wed Apr 24 13:40:47 2013","","Modern Family","TV Series","","6","8.6","22","2009","comedy","240897","2009-09-23","http://www.imdb.com/title/tt1442437/"
"81","tt0433309","Wed Apr 24 13:40:47 2013","Wed Apr 24 13:40:47 2013","","Numb3rs","TV Series","","5","6.9","43","2005","crime, drama, mystery, thriller","33100","2005-01-23","http://www.imdb.com/title/tt0433309/"
"82","tt1196946","Wed Apr 24 13:40:47 2013","Wed Apr 24 13:40:47 2013","","The Mentalist","TV Series","","7","8.1","43","2008","crime, drama, mystery, thriller","130772","2008-09-23","http://www.imdb.com/title/tt1196946/"
"83","tt1442462","Wed Apr 24 13:40:47 2013","Wed Apr 24 13:40:47 2013","","The Good Wife","TV Series","","6","8.3","43","2009","crime, drama, mystery","48429","2009-09-22","http://www.imdb.com/title/tt1442462/"
"84","tt0810788","Wed Apr 24 13:40:47 2013","Wed Apr 24 13:40:47 2013","","Burn Notice","TV Series","","5","8.0","44","2007","action, crime, drama, mystery, thriller","58559","2007-06-28","http://www.imdb.com/title/tt0810788/"
"85","tt1358522","Wed Apr 24 13:40:47 2013","Wed Apr 24 13:40:47 2013","","White Collar","TV Series","","7","8.3","40","2009","comedy, crime, drama, mystery","92840","2009-10-23","http://www.imdb.com/title/tt1358522/"
"86","tt1723760","Wed Apr 24 13:40:47 2013","Wed Apr 24 13:40:47 2013","","Dallas","TV Series","","5","7.2","42","2012","drama","8993","2012-06-13","http://www.imdb.com/title/tt1723760/"
"87","tt0193676","Wed Apr 24 13:40:47 2013","Wed Apr 24 13:40:47 2013","","Freaks and Geeks","TV Series","","8","8.9","44","1999","comedy, drama","89943","1999-09-25","http://www.imdb.com/title/tt0193676/"
"88","tt1480684","Wed Apr 24 13:40:47 2013","Wed Apr 24 13:40:47 2013","","The League","TV Series","","","8.3","22","2009","comedy, sport","36479","2009-08-10","http://www.imdb.com/title/tt1480684/"
"89","tt0813715","Wed Apr 24 13:40:47 2013","Wed Apr 24 13:40:47 2013","","Heroes","TV Series","","8","7.7","45","2006","drama, fantasy, sci_fi, thriller","200604","2006-07-22","http://www.imdb.com/title/tt0813715/"
"90","tt0410975","Wed Apr 24 13:40:47 2013","Wed Apr 24 13:40:47 2013","","Desperate Housewives","TV Series","","6","7.4","45","2004","comedy, drama, mystery, romance","92941","2004-10-03","http://www.imdb.com/title/tt0410975/"
"91","tt1349938","Wed Apr 24 13:40:47 2013","Wed Apr 24 13:40:47 2013","","Being Human","TV Series","","8","7.8","60","2008","comedy, drama, fantasy, horror","20327","2008-02-18","http://www.imdb.com/title/tt1349938/"
"92","tt1378167","Wed Apr 24 13:40:47 2013","Wed Apr 24 13:40:47 2013","","NCIS: Los Angeles","TV Series","","5","6.7","43","2009","crime, drama, mystery, thriller","34716","2009-09-22","http://www.imdb.com/title/tt1378167/"
"93","tt0313043","Wed Apr 24 13:40:47 2013","Wed Apr 24 13:40:47 2013","","CSI: Miami","TV Series","","2","6.4","43","2002","action, crime, drama, mystery, thriller","43698","2002-09-23","http://www.imdb.com/title/tt0313043/"
"94","tt0491738","Wed Apr 24 13:40:47 2013","Wed Apr 24 13:40:47 2013","","Psych","TV Series","","5","8.4","44","2006","comedy, crime, mystery","66632","2006-07-07","http://www.imdb.com/title/tt0491738/"
"95","tt2071645","Wed Apr 24 13:40:47 2013","Wed Apr 24 13:40:47 2013","","The Following","TV Series","","","7.5","43","2013","crime, drama, mystery, thriller","73234","2013-01-21","http://www.imdb.com/title/tt2071645/"
"96","tt0201391","Wed Apr 24 13:40:47 2013","Wed Apr 24 13:40:47 2013","","Roswell","TV Series","","7","7.5","42","1999","drama, mystery, romance, sci_fi, thriller","21340","1999-10-04","http://www.imdb.com/title/tt0201391/"
"97","tt0068098","Wed Apr 24 13:40:47 2013","Wed Apr 24 13:40:47 2013","","M*A*S*H","TV Series","","8","8.4","25","1972","comedy, drama, war","35642","1972-09-17","http://www.imdb.com/title/tt0068098/"
"98","tt0452046","Wed Apr 24 13:40:47 2013","Wed Apr 24 13:40:47 2013","","Criminal Minds","TV Series","","4","8.2","42","2005","crime, drama, mystery, thriller","108493","2005-09-22","http://www.imdb.com/title/tt0452046/"
"99","tt0386676","Wed Apr 24 13:40:47 2013","Wed Apr 24 13:40:47 2013","","The Office","TV Series","","4","8.8","22","2005","comedy","197193","2005-03-24","http://www.imdb.com/title/tt0386676/"
"100","tt1132290","Wed Apr 24 13:40:47 2013","Wed Apr 24 13:40:47 2013","","Warehouse 13","TV Series","","7","7.6","43","2009","drama, mystery, sci_fi, thriller","37605","2009-07-07","http://www.imdb.com/title/tt1132290/"
"101","tt0796264","Wed Apr 24 13:40:47 2013","Wed Apr 24 13:40:47 2013","","Eureka","TV Series","","7","7.9","60","2006","comedy, drama, sci_fi","39183","2006-07-18","http://www.imdb.com/title/tt0796264/"
"102","tt0081912","Wed Apr 24 13:40:47 2013","Wed Apr 24 13:40:47 2013","","Only Fools and Horses....","TV Series","","","8.9","95","1981","comedy","30085","1981-09-08","http://www.imdb.com/title/tt0081912/"
"103","tt0387764","Wed Apr 24 13:40:48 2013","Wed Apr 24 13:40:48 2013","","Peep Show","TV Series","","","8.6","25","2003","comedy","33980","2003-09-19","http://www.imdb.com/title/tt0387764/"
"104","tt0487831","Wed Apr 24 13:40:48 2013","Wed Apr 24 13:40:48 2013","","The IT Crowd","TV Series","","6","8.6","25","2006","comedy","90435","2006-02-03","http://www.imdb.com/title/tt0487831/"
"105","tt0187664","Wed Apr 24 13:40:48 2013","Wed Apr 24 13:40:48 2013","","Spaced","TV Series","","","8.7","25","1999","comedy","39249","1999-09-24","http://www.imdb.com/title/tt0187664/"
"106","tt1856010","Wed Apr 24 13:40:48 2013","Wed Apr 24 13:40:48 2013","","House of Cards","TV Series","","8","9.0","51","2013","drama","300773","2013-02-01","http://www.imdb.com/title/tt1856010/"
"107","tt0052520","Wed Apr 24 13:40:48 2013","Wed Apr 24 13:40:48 2013","","The Twilight Zone","TV Series","","8","9.0","51","1959","","43607","1959-10-02","http://www.imdb.com/title/tt0052520/"
"108","tt2149175","Wed Apr 24 13:40:48 2013","Wed Apr 24 13:40:48 2013","","The Americans","TV Series","","","8.3","44","2013","crime, drama, mystery, thriller","45525","2013-01-30","http://www.imdb.com/title/tt2149175/"
"109","tt1837642","Wed Apr 24 13:40:48 2013","Wed Apr 24 13:40:48 2013","","Revenge","TV Series","","5","8.0","44","2011","drama, mystery, thriller","97851","2011-09-21","http://www.imdb.com/title/tt1837642/"
"110","tt1255913","Wed Apr 24 13:40:48 2013","Wed Apr 24 13:40:48 2013","","Bored to Death","TV Series","","","7.9","28","2009","comedy, crime, mystery","27638","2009-09-20","http://www.imdb.com/title/tt1255913/"
"111","tt1235099","Wed Apr 24 13:40:48 2013","Wed Apr 24 13:40:48 2013","","Lie to Me","TV Series","","6","8.0","43","2009","crime, drama, mystery, thriller","87776","2009-01-21","http://www.imdb.com/title/tt1235099/"
"112","tt1319735","Wed Apr 24 13:40:48 2013","Wed Apr 24 13:40:48 2013","","Royal Pains","TV Series","","8","7.0","42","2009","comedy, drama","16074","2009-05-04","http://www.imdb.com/title/tt1319735/"
"113","tt1299368","Wed Apr 24 13:40:48 2013","Wed Apr 24 13:40:48 2013","","Southland","TV Series","","6","8.5","42","2009","crime, drama, thriller","20274","2009-04-09","http://www.imdb.com/title/tt1299368/"
"114","tt0118480","Wed Apr 24 13:40:48 2013","Wed Apr 24 13:40:48 2013","","Stargate SG-1","TV Series","","7","8.4","44","1997","action, adventure, drama, sci_fi","62956","1997-07-27","http://www.imdb.com/title/tt0118480/"
"115","tt0496424","Wed Apr 24 13:40:48 2013","Wed Apr 24 13:40:48 2013","","30 Rock","TV Series","","7","8.2","22","2006","comedy","91302","2006-10-11","http://www.imdb.com/title/tt0496424/"
"116","tt0934814","Wed Apr 24 13:40:48 2013","Wed Apr 24 13:40:48 2013","","Chuck","TV Series","","6","8.2","43","2007","action, comedy, drama","107852","2007-09-24","http://www.imdb.com/title/tt0934814/"
"117","tt2172103","Wed Apr 24 13:40:48 2013","Wed Apr 24 13:40:48 2013","","Last Resort","TV Series","","","7.4","60","2012","action, drama, mystery, sci_fi, thriller","19181","2012-09-27","http://www.imdb.com/title/tt2172103/"
"118","tt1839578","Wed Apr 24 13:40:48 2013","Wed Apr 24 13:40:48 2013","","Person of Interest","TV Series","","6","8.5","43","2011","action, drama, mystery, sci_fi, thriller","121070","2011-09-22","http://www.imdb.com/title/tt1839578/"
"119","tt1826940","Wed Apr 24 13:40:48 2013","Wed Apr 24 13:40:48 2013","","New Girl","TV Series","","5","7.8","22","2011","comedy","136863","2011-09-20","http://www.imdb.com/title/tt1826940/"
"120","tt0165598","Wed Apr 24 13:40:48 2013","Wed Apr 24 13:40:48 2013","","That '70s Show","TV Series","","6","8.1","22","1998","comedy","113915","1998-08-23","http://www.imdb.com/title/tt0165598/"
"121","tt0874936","Wed Apr 24 13:40:48 2013","Wed Apr 24 13:40:48 2013","","Life","TV Series","","9","8.3","45","2007","crime, drama, mystery","29270","2007-09-26","http://www.imdb.com/title/tt0874936/"
"122","tt1615919","Wed Apr 24 13:40:48 2013","Wed Apr 24 13:40:48 2013","","Raising Hope","TV Series","","5","8.0","22","2010","comedy, family","30060","2010-09-01","http://www.imdb.com/title/tt1615919/"
"123","tt0060028","Wed Apr 24 13:40:48 2013","Wed Apr 24 13:40:48 2013","","Star Trek","TV Series","","8","8.4","50","1966","action, adventure, mystery, sci_fi","48845","1966-09-08","http://www.imdb.com/title/tt0060028/"
"124","tt0092455","Wed Apr 24 13:40:48 2013","Wed Apr 24 13:40:48 2013","","Star Trek: The Next Generation","TV Series","","9","8.6","44","1987","action, adventure, mystery, sci_fi","63065","1987-09-26","http://www.imdb.com/title/tt0092455/"
"125","tt0112178","Wed Apr 24 13:40:48 2013","Wed Apr 24 13:40:48 2013","","Star Trek: Voyager","TV Series","","8","7.7","45","1995","action, adventure, sci_fi","38138","1995-01-16","http://www.imdb.com/title/tt0112178/"
"126","tt0285335","Wed Apr 24 13:40:48 2013","Wed Apr 24 13:40:48 2013","","The Amazing Race","TV Series","","8","7.6","60","2001","action, adventure, game_show, reality_tv","11569","2001-09-05","http://www.imdb.com/title/tt0285335/"
"127","tt2306299","Wed Apr 24 13:40:48 2013","Wed Apr 24 13:40:48 2013","","Vikings","TV Series","","9","8.6","44","2013","action, drama, history, war","184627","2013-03-03","http://www.imdb.com/title/tt2306299/"
"128","tt0239195","Wed Apr 24 13:40:48 2013","Wed Apr 24 13:40:48 2013","","Survivor","TV Series","","8","7.0","60","2000","adventure, game_show, reality_tv","17457","2000-05-31","http://www.imdb.com/title/tt0239195/"
"129","tt0364845","Wed Apr 24 13:40:48 2013","Wed Apr 24 13:40:48 2013","","NCIS","TV Series","","","7.9","60","2003","action, comedy, crime, drama, mystery, thriller","85417","2003-09-23","http://www.imdb.com/title/tt0364845/"
"130","tt2243973","Wed Apr 24 13:40:48 2013","Wed Apr 24 13:40:48 2013","","Hannibal","TV Series","","7","8.6","44","2013","crime, drama, horror, mystery, thriller","156682","2013-04-04","http://www.imdb.com/title/tt2243973/"
"131","tt2188671","Wed Apr 24 13:40:48 2013","Wed Apr 24 13:40:48 2013","","Bates Motel","TV Series","","","8.1","45","2013","drama, mystery, thriller","57574","2013-03-18","http://www.imdb.com/title/tt2188671/"
"132","tt2193021","Wed Apr 24 13:40:48 2013","Wed Apr 24 13:40:48 2013","","Arrow","TV Series","","4","8.0","42","2012","action, adventure, crime, drama, mystery, sci_fi","295303","2012-10-10","http://www.imdb.com/title/tt2193021/"
"133","tt1843230","Wed Apr 24 13:40:48 2013","Wed Apr 24 13:40:48 2013","","Once Upon a Time","TV Series","David Barrett","","8.0","44","2011","adventure, fantasy, romance","166692","2011-10-23","http://www.imdb.com/title/tt1843230/"
"134","tt2070791","Wed Apr 24 13:40:48 2013","Wed Apr 24 13:40:48 2013","","Revolution","TV Series","","","6.7","43","2012","action, adventure, drama, sci_fi","71441","2012-09-17","http://www.imdb.com/title/tt2070791/"
"135","tt0460627","Wed Apr 24 13:40:48 2013","Wed Apr 24 13:40:48 2013","","Bones","TV Series","","","7.9","40","2005","comedy, crime, drama, mystery, romance","109767","2005-09-13","http://www.imdb.com/title/tt0460627/"
"136","tt0369179","Wed Apr 24 13:40:48 2013","Wed Apr 24 13:40:48 2013","","Two and a Half Men","TV Series","","","7.1","22","2003","comedy","195995","2003-09-22","http://www.imdb.com/title/tt0369179/"
"137","tt1327801","Wed Apr 24 13:40:48 2013","Wed Apr 24 13:40:48 2013","","Glee","TV Series","","5","6.7","44","2009","comedy, drama, music, musical","116013","2009-05-19","http://www.imdb.com/title/tt1327801/"
"138","tt1219024","Wed Apr 24 13:40:48 2013","Wed Apr 24 13:40:48 2013","","Castle","TV Series","","","8.2","43","2009","comedy, crime, drama, mystery, romance","117910","2009-03-09","http://www.imdb.com/title/tt1219024/"
"139","tt1663676","Wed Apr 24 13:40:48 2013","Wed Apr 24 13:40:48 2013","","Awkward.","TV Series","","","7.7","22","2011","comedy, drama, romance","36598","2011-07-19","http://www.imdb.com/title/tt1663676/"
"140","tt1606375","Wed Apr 24 13:40:48 2013","Wed Apr 24 13:40:48 2013","","Downton Abbey","TV Series","","8","8.7","58","2010","drama, romance","110019","2010-09-26","http://www.imdb.com/title/tt1606375/"
"141","tt1830617","Wed Apr 24 13:40:48 2013","Wed Apr 24 13:40:48 2013","","Grimm","TV Series","","","7.8","45","2011","drama, fantasy, horror, mystery","82423","2011-10-28","http://www.imdb.com/title/tt1830617/"
"142","tt1600194","Wed Apr 24 13:40:48 2013","Wed Apr 24 13:40:48 2013","","Hawaii Five-0","TV Series","","","7.4","42","2010","action, crime, drama","46932","2010-09-20","http://www.imdb.com/title/tt1600194/"
"143","tt1578873","Wed Apr 24 13:40:48 2013","Wed Apr 24 13:40:48 2013","","Pretty Little Liars","TV Series","","","7.7","60","2010","drama, mystery, romance, thriller","113270","2010-06-08","http://www.imdb.com/title/tt1578873/"
"144","tt0247082","Wed Apr 24 13:40:48 2013","Wed Apr 24 13:40:48 2013","","CSI: Crime Scene Investigation","TV Series","","","7.7","60","2000","crime, drama, mystery, thriller","66741","2000-10-06","http://www.imdb.com/title/tt0247082/"
"145","tt2191671","Wed Apr 24 13:40:48 2013","Wed Apr 24 13:40:48 2013","","Elementary","TV Series","","","7.9","60","2012","crime, drama, mystery","72765","2012-09-27","http://www.imdb.com/title/tt2191671/"
"146","tt2193041","Wed Apr 24 13:40:48 2013","Wed Apr 24 13:40:48 2013","","Beauty and the Beast","TV Series","","","7.2","60","2012","drama, horror, romance, sci_fi, thriller","29221","2012-10-11","http://www.imdb.com/title/tt2193041/"
"147","tt1592154","Wed Apr 24 13:40:48 2013","Wed Apr 24 13:40:48 2013","","Nikita","TV Series","","","7.7","60","2010","action, crime, drama, thriller","42070","2010-09-09","http://www.imdb.com/title/tt1592154/"
"148","tt1429449","Wed Apr 24 13:40:48 2013","Wed Apr 24 13:40:48 2013","","Lost Girl","TV Series","","","7.8","44","2010","drama, fantasy","22920","2010-09-12","http://www.imdb.com/title/tt1429449/"
"149","tt0071007","Wed Apr 24 13:40:48 2013","Wed Apr 24 13:40:48 2013","","Little House on the Prairie","TV Series","","7","7.3","60","1974","drama, family, romance, western","11762","1974-03-30","http://www.imdb.com/title/tt0071007/"
"150","tt1723816","Wed Apr 24 13:40:48 2013","Wed Apr 24 13:40:48 2013","","Girls","TV Series","","","7.4","28","2012","comedy, drama","48747","2012-03-12","http://www.imdb.com/title/tt1723816/"
"151","tt1845307","Wed Apr 24 13:40:48 2013","Wed Apr 24 13:40:48 2013","","2 Broke Girls","TV Series","","","6.8","22","2011","comedy","70532","2011-09-19","http://www.imdb.com/title/tt1845307/"
"152","tt1741256","Wed Apr 24 13:40:48 2013","Wed Apr 24 13:40:48 2013","","Suburgatory","TV Series","","","7.2","22","2011","comedy","26821","2011-09-28","http://www.imdb.com/title/tt1741256/"
"153","tt0279600","Wed Apr 24 13:40:48 2013","Wed Apr 24 13:40:48 2013","","Smallville","TV Series","","","7.5","60","2001","adventure, drama, romance, sci_fi","95789","2001-05-16","http://www.imdb.com/title/tt0279600/"
"154","tt2056366","Wed Apr 24 13:40:48 2013","Wed Apr 24 13:40:48 2013","","The Carrie Diaries","TV Series","Miguel Arteta","","7.0","42","2013","comedy, romance","21346","2013-01-14","http://www.imdb.com/title/tt2056366/"
"155","tt0397442","Wed Apr 24 13:40:48 2013","Wed Apr 24 13:40:48 2013","","Gossip Girl","TV Series","","","7.4","42","2007","drama, romance","114024","2007-09-19","http://www.imdb.com/title/tt0397442/"
"156","tt1832979","Wed Apr 24 13:40:48 2013","Wed Apr 24 13:40:48 2013","","Hart of Dixie","TV Series","","","7.8","60","2011","comedy, drama, romance","34033","2011-09-26","http://www.imdb.com/title/tt1832979/"
"157","tt1225901","Wed Apr 24 13:40:48 2013","Wed Apr 24 13:40:48 2013","","90210","TV Series","","","6.1","60","2008","comedy, drama, romance","36012","2008-09-02","http://www.imdb.com/title/tt1225901/"
"158","tt2281375","Wed Apr 24 13:40:48 2013","Wed Apr 24 13:40:48 2013","","Nashville","TV Series","","","7.7","43","2012","drama, music","17502","2012-10-10","http://www.imdb.com/title/tt2281375/"
"159","tt1986770","Wed Apr 24 13:40:48 2013","Wed Apr 24 13:40:48 2013","","Anger Management","TV Series","","","6.7","22","2012","comedy, romance","26825","2012-06-28","http://www.imdb.com/title/tt1986770/"
"160","tt0203259","Wed Apr 24 13:40:48 2013","Wed Apr 24 13:40:48 2013","","Law & Order: Special Victims Unit","TV Series","","","8.1","60","1999","crime, drama, mystery, thriller","51988","1999-09-20","http://www.imdb.com/title/tt0203259/"
"161","tt2017109","Wed Apr 24 13:40:48 2013","Wed Apr 24 13:40:48 2013","","Banshee","TV Series","","3","8.4","60","2013","action, crime, drama, mystery, thriller","54263","2013-01-11","http://www.imdb.com/title/tt2017109/"
"162","tt1821681","Wed Apr 24 13:40:48 2013","Wed Apr 24 13:40:48 2013","","Touch","TV Series","","","7.4","43","2012","drama, mystery, sci_fi","37326","2012-01-25","http://www.imdb.com/title/tt1821681/"
"163","tt1837576","Wed Apr 24 13:40:48 2013","Wed Apr 24 13:40:48 2013","","Scandal","TV Series","","","7.9","43","2012","drama, thriller","50901","2012-04-05","http://www.imdb.com/title/tt1837576/"
"164","tt1587669","Wed Apr 24 13:40:48 2013","Wed Apr 24 13:40:48 2013","","Body of Proof","TV Series","","","7.0","60","2011","crime, drama","11686","2011-01-25","http://www.imdb.com/title/tt1587669/"
"165","tt0368530","Wed Apr 24 13:40:48 2013","Wed Apr 24 13:40:48 2013","","One Tree Hill","TV Series","","","7.7","60","2003","drama, romance, sport","57311","2003-09-23","http://www.imdb.com/title/tt0368530/"
"166","tt1954347","Wed Apr 24 13:40:48 2013","Wed Apr 24 13:40:48 2013","","Continuum","TV Series","","","7.7","45","2012","action, sci_fi, thriller","46211","2012-05-27","http://www.imdb.com/title/tt1954347/"
"167","tt1567432","Wed Apr 24 13:40:48 2013","Wed Apr 24 13:40:48 2013","","Teen Wolf","TV Series","","","7.8","41","2011","action, comedy, drama, fantasy, horror, romance, thriller","86793","2011-06-05","http://www.imdb.com/title/tt1567432/"
"168","tt0319931","Wed Apr 24 13:40:48 2013","Wed Apr 24 13:40:48 2013","","American Idol","TV Series","","","4.2","42","2002","game_show, music, reality_tv","19543","2002-06-11","http://www.imdb.com/title/tt0319931/"
"169","tt1825133","Wed Apr 24 13:40:48 2013","Wed Apr 24 13:40:48 2013","","Smash","TV Series","","","7.7","44","2012","drama, musical","14576","2012-02-06","http://www.imdb.com/title/tt1825133/"
"170","tt0397306","Wed Apr 24 13:40:48 2013","Wed Apr 24 13:40:48 2013","","American Dad!","TV Series","","","7.5","22","2005","animation, comedy","83516","2005-02-06","http://www.imdb.com/title/tt0397306/"
"171","tt0790772","Wed Apr 24 13:40:48 2013","Wed Apr 24 13:40:48 2013","","Rules of Engagement","TV Series","","","7.3","22","2007","comedy, romance","26193","2007-02-03","http://www.imdb.com/title/tt0790772/"
"172","tt1305826","Wed Apr 24 13:40:48 2013","Wed Apr 24 13:40:48 2013","","Adventure Time","TV Series","","","8.7","11","2010","animation, adventure, comedy, family, fantasy","46625","2010-04-05","http://www.imdb.com/title/tt1305826/"
"173","tt1595680","Wed Apr 24 13:40:48 2013","Wed Apr 24 13:40:48 2013","","Being Human","TV Series","","","7.5","44","2011","drama, fantasy, horror","21088","2011-01-17","http://www.imdb.com/title/tt1595680/"
"174","tt1462059","Wed Apr 24 13:40:48 2013","Wed Apr 24 13:40:48 2013","","Falling Skies","TV Series","","4","7.2","42","2011","action, sci_fi, thriller","73433","2011-06-19","http://www.imdb.com/title/tt1462059/"
"175","tt1199099","Wed Apr 24 13:40:48 2013","Wed Apr 24 13:40:48 2013","","Merlin","TV Series","","","7.9","45","2008","adventure, drama, fantasy","55396","2008-09-20","http://www.imdb.com/title/tt1199099/"
"176","tt0395843","Wed Apr 24 13:40:48 2013","Wed Apr 24 13:40:48 2013","","CSI: NY","TV Series","","","7.0","43","2004","action, crime, drama, mystery, thriller","36199","2004-09-22","http://www.imdb.com/title/tt0395843/"
"177","tt1441109","Wed Apr 24 13:40:48 2013","Wed Apr 24 13:40:48 2013","","Cougar Town","TV Series","","","7.0","22","2009","comedy","35619","2009-09-23","http://www.imdb.com/title/tt1441109/"
"178","tt1190689","Wed Apr 24 13:40:48 2013","Wed Apr 24 13:40:48 2013","","Nurse Jackie","TV Series","","","7.7","27","2009","comedy, drama","19418","2009-06-08","http://www.imdb.com/title/tt1190689/"
"179","tt2211129","Wed Apr 24 13:40:48 2013","Wed Apr 24 13:40:48 2013","","The Mindy Project","TV Series","","","7.4","30","2012","comedy","21968","2012-09-25","http://www.imdb.com/title/tt2211129/"
"180","tt0840196","Wed Apr 24 13:40:48 2013","Wed Apr 24 13:40:48 2013","","Skins","TV Series","","","8.2","46","2007","drama","58546","2007-01-25","http://www.imdb.com/title/tt0840196/"
"181","tt2300923","Wed Apr 24 13:40:48 2013","Wed Apr 24 13:40:48 2013","","Go On","TV Series","","","7.6","22","2012","comedy","18264","2012-08-08","http://www.imdb.com/title/tt2300923/"
"182","tt0758790","Wed Apr 24 13:40:48 2013","Wed Apr 24 13:40:48 2013","","The Tudors","TV Series","","8","8.1","60","2007","drama, history, romance, war","50257","2007-04-01","http://www.imdb.com/title/tt0758790/"
"183","tt0092359","Wed Apr 24 13:40:48 2013","Wed Apr 24 13:40:48 2013","","Full House","TV Series","","","6.6","22","1987","comedy, drama, family","40797","1987-09-22","http://www.imdb.com/title/tt0092359/"
"184","tt2261391","Wed Apr 24 13:40:48 2013","Wed Apr 24 13:40:48 2013","","Chicago Fire","TV Series","","","7.9","43","2012","action, drama","22399","2012-10-10","http://www.imdb.com/title/tt2261391/"
"185","tt0383126","Wed Apr 24 13:40:48 2013","Wed Apr 24 13:40:48 2013","","MythBusters","TV Series","","","8.3","44","2003","documentary, mystery","45343","2003-01-23","http://www.imdb.com/title/tt0383126/"
"186","tt1759761","Wed Apr 24 13:40:48 2013","Wed Apr 24 13:40:48 2013","","Veep","TV Series","","","8.1","28","2012","comedy","23591","2012-04-22","http://www.imdb.com/title/tt1759761/"
"187","tt0159206","Wed Apr 24 13:40:48 2013","Wed Apr 24 13:40:48 2013","","Sex and the City","TV Series","","","7.0","30","1998","comedy, romance","79037","1998-06-06","http://www.imdb.com/title/tt0159206/"
"188","tt0417299","Wed Apr 24 13:40:48 2013","Wed Apr 24 13:40:48 2013","","Avatar: The Last Airbender","TV Series","","","9.2","23","2005","animation, action, adventure, family, fantasy, mystery","128355","2005-02-21","http://www.imdb.com/title/tt0417299/"
"189","tt1442464","Wed Apr 24 13:40:48 2013","Wed Apr 24 13:40:48 2013","","The Middle","TV Series","","","7.5","22","2009","comedy","31796","2009-09-30","http://www.imdb.com/title/tt1442464/"
"190","tt0214341","Wed Apr 24 13:40:48 2013","Wed Apr 24 13:40:48 2013","","Dragon Ball Z","TV Series","","","8.8","24","1996","animation, action, adventure, fantasy, sci_fi, thriller","75517","1996-09-13","http://www.imdb.com/title/tt0214341/"
"191","tt0158552","Wed Apr 24 13:40:48 2013","Wed Apr 24 13:40:48 2013","","Charmed","TV Series","","","7.0","42","1998","drama, fantasy, mystery","56222","1998-10-07","http://www.imdb.com/title/tt0158552/"
"192","tt1561755","Wed Apr 24 13:40:49 2013","Wed Apr 24 13:40:49 2013","","Bob's Burgers","TV Series","","","8.1","22","2011","animation, comedy","37116","2011-01-09","http://www.imdb.com/title/tt1561755/"
"193","tt1179817","Wed Apr 24 13:40:49 2013","Wed Apr 24 13:40:49 2013","","The Secret Life of the American Teenager","TV Series","","","5.0","43","2008","comedy, drama, family, romance","16981","2008-07-08","http://www.imdb.com/title/tt1179817/"
"194","tt1798274","Wed Apr 24 13:40:49 2013","Wed Apr 24 13:40:49 2013","","The Lying Game","TV Series","","","7.4","44","2011","drama, mystery","16195","2011-08-15","http://www.imdb.com/title/tt1798274/"
"195","tt1610527","Wed Apr 24 13:40:49 2013","Wed Apr 24 13:40:49 2013","","Workaholics","TV Series","","","8.2","22","2011","comedy","36709","2011-04-06","http://www.imdb.com/title/tt1610527/"
"196","tt0072562","Wed Apr 24 13:40:49 2013","Wed Apr 24 13:40:49 2013","","Saturday Night Live","TV Series","","","8.2","90","1975","comedy, music","32579","1975-10-11","http://www.imdb.com/title/tt0072562/"
"197","tt0163503","Wed Apr 24 13:40:49 2013","Wed Apr 24 13:40:49 2013","","Top Gear","TV Series","","","8.5","30","1978","documentary","21632","1978-07-13","http://www.imdb.com/title/tt0163503/"
"198","tt0112175","Wed Apr 24 13:40:49 2013","Wed Apr 24 13:40:49 2013","","Spider-Man","TV Series","","","8.3","23","1994","animation, action, adventure, crime, drama, family, fantasy, romance, sci_fi, thriller","16651","1994-11-19","http://www.imdb.com/title/tt0112175/"
"199","tt1758772","Wed Apr 24 13:40:49 2013","Wed Apr 24 13:40:49 2013","","Switched at Birth","TV Series","","","7.8","60","2011","drama, family","18570","2011-06-06","http://www.imdb.com/title/tt1758772/"
"200","tt1416765","Wed Apr 24 13:40:49 2013","Wed Apr 24 13:40:49 2013","","Parenthood","TV Series","","","8.1","60","2010","comedy, drama","23593","2010-03-02","http://www.imdb.com/title/tt1416765/"
"201","tt0285333","Wed Apr 24 13:40:49 2013","Wed Apr 24 13:40:49 2013","","Alias","TV Series","","","7.6","42","2001","action, drama, mystery, sci_fi, thriller","37301","2001-09-30","http://www.imdb.com/title/tt0285333/"
"202","tt0105958","Wed Apr 24 13:40:49 2013","Wed Apr 24 13:40:49 2013","","Boy Meets World","TV Series","","","8.1","23","1993","comedy, drama, family","31958","1993-09-24","http://www.imdb.com/title/tt0105958/"
"203","tt2197797","Wed Apr 24 13:40:49 2013","Wed Apr 24 13:40:49 2013","","666 Park Avenue","TV Series","","","6.9","60","2012","drama, fantasy, mystery, sci_fi, thriller","15621","2012-09-30","http://www.imdb.com/title/tt2197797/"
"204","tt0206512","Wed Apr 24 13:40:49 2013","Wed Apr 24 13:40:49 2013","","SpongeBob SquarePants","TV Series","","","8.1","23","1999","animation, comedy, family, fantasy","58042","1999-05-01","http://www.imdb.com/title/tt0206512/"
"205","tt1628033","Wed Apr 24 13:40:49 2013","Wed Apr 24 13:40:49 2013","","Top Gear","TV Series","","","8.8","60","2002","comedy, talk_show","77162","2002-10-20","http://www.imdb.com/title/tt1628033/"
"206","tt0088526","Wed Apr 24 13:40:49 2013","Wed Apr 24 13:40:49 2013","","The Golden Girls","TV Series","","","7.8","30","1985","comedy, drama","21687","1985-09-14","http://www.imdb.com/title/tt0088526/"
"207","tt0362359","Wed Apr 24 13:40:49 2013","Wed Apr 24 13:40:49 2013","","The O.C.","TV Series","","","7.5","44","2003","comedy, drama, romance","65177","2003-08-05","http://www.imdb.com/title/tt0362359/"
"208","tt1608180","Wed Apr 24 13:40:49 2013","Wed Apr 24 13:40:49 2013","","Mike & Molly","TV Series","","","6.4","30","2010","comedy","17260","2010-09-20","http://www.imdb.com/title/tt1608180/"
"209","tt0103359","Wed Apr 24 13:40:49 2013","Wed Apr 24 13:40:49 2013","","Batman: The Animated Series","TV Series","","","9.0","23","1992","animation, action, adventure, crime, drama, fantasy, mystery, romance, sci_fi, thriller","51262","1992-09-05","http://www.imdb.com/title/tt0103359/"
"210","tt0096548","Wed Apr 24 13:40:49 2013","Wed Apr 24 13:40:49 2013","","Blackadder Goes Forth","TV Series","","","8.8","175","1989","comedy, war","31903","1989-09-28","http://www.imdb.com/title/tt0096548/"
"212","tt1695360","Wed Apr 24 13:40:49 2013","Wed Apr 24 13:40:49 2013","","The Legend of Korra","TV Series","","","8.6","23","2012","animation, action, adventure, drama, family, fantasy","64334","2012-04-14","http://www.imdb.com/title/tt1695360/"
"213","tt0353049","Wed Apr 24 13:40:49 2013","Wed Apr 24 13:40:49 2013","","Chappelle's Show","TV Series","Todd Broder","","8.8","22","2003","comedy, music","34172","2003-01-22","http://www.imdb.com/title/tt0353049/"
"214","tt0280249","Wed Apr 24 13:40:49 2013","Wed Apr 24 13:40:49 2013","","Dragon Ball","TV Series","Daisuke Nishio","","8.6","24","1995","animation, action, adventure, fantasy, sci_fi, thriller","33995","1995-09-09","http://www.imdb.com/title/tt0280249/"
"215","tt0262150","Wed Apr 24 13:40:49 2013","Wed Apr 24 13:40:49 2013","","Black Books","TV Series","","","8.6","25","2000","comedy","39540","2000-09-29","http://www.imdb.com/title/tt0262150/"
"216","tt0237123","Wed Apr 24 13:40:49 2013","Wed Apr 24 13:40:49 2013","","Coupling","TV Series","","","8.6","30","2000","comedy","34272","2000-05-12","http://www.imdb.com/title/tt0237123/"
"217","tt0458254","Wed Apr 24 13:40:49 2013","Wed Apr 24 13:40:49 2013","","The Colbert Report","TV Series","","6","8.6","30","2005","comedy, news, talk_show","30096","2005-10-17","http://www.imdb.com/title/tt0458254/"
"218","tt0096657","Wed Apr 24 13:40:49 2013","Wed Apr 24 13:40:49 2013","","Mr. Bean","TV Series","","","8.5","350","1990","comedy, family","60633","1990-01-01","http://www.imdb.com/title/tt0096657/"
"219","tt0445114","Wed Apr 24 13:40:49 2013","Wed Apr 24 13:40:49 2013","","Extras","TV Series","","","8.4","30","2005","comedy, drama","40105","2005-07-21","http://www.imdb.com/title/tt0445114/"
"220","tt0275137","Wed Apr 24 13:40:49 2013","Wed Apr 24 13:40:49 2013","","Justice League","TV Series","","","8.6","22","2001","animation, action, adventure, drama, family, fantasy, mystery, romance, sci_fi, thriller","25828","2001-11-17","http://www.imdb.com/title/tt0275137/"
"221","tt0094535","Wed Apr 24 13:40:49 2013","Wed Apr 24 13:40:49 2013","","Red Dwarf","TV Series","","","8.5","30","1988","comedy, sci_fi","24257","1988-02-15","http://www.imdb.com/title/tt0094535/"
"222","tt0094525","Wed Apr 24 13:40:49 2013","Wed Apr 24 13:40:49 2013","","Agatha Christie's Poirot","TV Series","","","8.6","100","1989","drama, mystery, crime, thriller","23508","1989-01-08","http://www.imdb.com/title/tt0094525/"
"223","tt1220617","Wed Apr 24 13:40:49 2013","Wed Apr 24 13:40:49 2013","","The Inbetweeners","TV Series","","","8.4","25","2008","comedy, romance","54997","2008-05-01","http://www.imdb.com/title/tt1220617/"
"224","tt0278238","Wed Apr 24 13:40:49 2013","Wed Apr 24 13:40:49 2013","","Samurai Jack","TV Series","","","8.4","25","2001","animation, action, adventure, fantasy, sci_fi, thriller","24840","2001-08-10","http://www.imdb.com/title/tt0278238/"
"225","tt0220880","Wed Apr 24 13:40:49 2013","Wed Apr 24 13:40:49 2013","","Courage the Cowardly Dog","TV Series","","","8.3","11","1999","animation, comedy, fantasy, horror","24633","1999-11-12","http://www.imdb.com/title/tt0220880/"
"226","tt0056751","Wed Apr 24 13:40:49 2013","Wed Apr 24 13:40:49 2013","","Doctor Who","TV Series","","","8.5","45","1963","adventure, drama, family, sci_fi","25605","1963-11-23","http://www.imdb.com/title/tt0056751/"
"227","tt1702042","Wed Apr 24 13:40:49 2013","Wed Apr 24 13:40:49 2013","","An Idiot Abroad","TV Series","","","8.3","43","2010","documentary, comedy, reality_tv","23584","2010-09-05","http://www.imdb.com/title/tt1702042/"
"228","tt0187636","Wed Apr 24 13:40:49 2013","Wed Apr 24 13:40:49 2013","","Farscape","TV Series","Geoff Bennett, Tony Tilse","","8.3","50","1999","adventure, drama, sci_fi","26422","1999-03-19","http://www.imdb.com/title/tt0187636/"
"229","tt0866442","Wed Apr 24 13:40:49 2013","Wed Apr 24 13:40:49 2013","","Eastbound & Down","TV Series","","5","8.3","28","2009","comedy, drama, sport","41157","2009-02-15","http://www.imdb.com/title/tt0866442/"
"230","tt0290988","Wed Apr 24 13:40:49 2013","Wed Apr 24 13:40:49 2013","","Trailer Park Boys","TV Series","","","8.5","30","2001","comedy, crime, drama","24502","2001-04-22","http://www.imdb.com/title/tt0290988/"
"231","tt1344204","Wed Apr 24 13:40:49 2013","Wed Apr 24 13:40:49 2013","","Blue Mountain State","TV Series","","","8.4","22","2010","comedy, sport","38376","2010-01-11","http://www.imdb.com/title/tt1344204/"
"232","tt0092400","Wed Apr 24 13:40:49 2013","Wed Apr 24 13:40:49 2013","","Married with Children","TV Series","","7","8.1","22","1987","comedy","77256","1987-04-05","http://www.imdb.com/title/tt0092400/"
"233","tt0373732","Wed Apr 24 13:40:49 2013","Wed Apr 24 13:40:49 2013","","The Boondocks","TV Series","","","8.4","22","2005","animation, action, comedy, drama","21333","2005-11-06","http://www.imdb.com/title/tt0373732/"
"234","tt0105946","Wed Apr 24 13:40:49 2013","Wed Apr 24 13:40:49 2013","","Babylon 5","TV Series","","","8.2","45","1994","action, adventure, drama, sci_fi","22205","1994-01-26","http://www.imdb.com/title/tt0105946/"
"235","tt0106004","Wed Apr 24 13:40:49 2013","Wed Apr 24 13:40:49 2013","","Frasier","TV Series","","","8.0","22","1993","comedy","55003","1993-09-16","http://www.imdb.com/title/tt0106004/"
"236","tt0460091","Wed Apr 24 13:40:49 2013","Wed Apr 24 13:40:49 2013","","My Name Is Earl","TV Series","","","7.8","22","2005","comedy","82317","2005-09-20","http://www.imdb.com/title/tt0460091/"
"237","tt0098800","Wed Apr 24 13:40:49 2013","Wed Apr 24 13:40:49 2013","","The Fresh Prince of Bel-Air","TV Series","","","7.9","22","1990","comedy","89158","1990-09-10","http://www.imdb.com/title/tt0098800/"
"238","tt1703925","Wed Apr 24 13:40:49 2013","Wed Apr 24 13:40:49 2013","","Wilfred","TV Series","","","7.9","22","2011","comedy","35327","2011-06-23","http://www.imdb.com/title/tt1703925/"
"239","tt0083399","Wed Apr 24 13:40:49 2013","Wed Apr 24 13:40:49 2013","","Cheers","TV Series","","5","7.8","22","1982","comedy, drama","34189","1982-09-30","http://www.imdb.com/title/tt0083399/"
"240","tt0106145","Wed Apr 24 13:40:49 2013","Wed Apr 24 13:40:49 2013","","Star Trek: Deep Space Nine","TV Series","","5","7.9","45","1993","action, adventure, drama, sci_fi","32919","1993-01-03","http://www.imdb.com/title/tt0106145/"
"241","tt0374455","Wed Apr 24 13:40:49 2013","Wed Apr 24 13:40:49 2013","","Stargate: Atlantis","TV Series","","","8.1","44","2004","action, drama, sci_fi, adventure","48446","2004-07-16","http://www.imdb.com/title/tt0374455/"
"242","tt0238784","Wed Apr 24 13:40:49 2013","Wed Apr 24 13:40:49 2013","","Gilmore Girls","TV Series","","","8.0","44","2000","comedy, drama","61753","2000-10-05","http://www.imdb.com/title/tt0238784/"
"243","tt0914387","Wed Apr 24 13:40:49 2013","Wed Apr 24 13:40:49 2013","","Damages","TV Series","","","8.1","60","2007","crime, drama, mystery, thriller","24094","2007-07-24","http://www.imdb.com/title/tt0914387/"
"244","tt0380136","Wed Apr 24 13:40:49 2013","Wed Apr 24 13:40:49 2013","","QI","TV Series","","","8.7","30","2003","comedy, game_show","20905","2003-09-11","http://www.imdb.com/title/tt0380136/"
"245","tt1641384","Wed Apr 24 13:40:49 2013","Wed Apr 24 13:40:49 2013","","Young Justice","TV Series","","","8.7","23","2010","animation, action, adventure, drama, romance, sci_fi","17301","2010-11-26","http://www.imdb.com/title/tt1641384/"
"246","tt0108872","Wed Apr 24 13:40:49 2013","Wed Apr 24 13:40:49 2013","","My So-Called Life","TV Series","","","8.4","60","1994","drama","15404","1994-08-25","http://www.imdb.com/title/tt0108872/"
"247","tt0160904","Wed Apr 24 13:40:49 2013","Wed Apr 24 13:40:49 2013","","MI-5","TV Series","","","8.3","60","2002","drama, thriller","11797","2002-05-13","http://www.imdb.com/title/tt0160904/"
"248","tt0437745","Wed Apr 24 13:41:15 2013","Wed Apr 24 13:41:15 2013","","Robot Chicken","TV Series","","6","7.8","11","2005","animation, comedy","32536","2005-02-20","http://www.imdb.com/title/tt0437745/"
"249","tt0112095","Wed Apr 24 13:41:15 2013","Wed Apr 24 13:41:15 2013","","NewsRadio","TV Series","","7","7.9","23","1995","comedy, romance","10645","1995-03-21","http://www.imdb.com/title/tt0112095/"
"250","tt0805661","Wed Apr 24 13:41:15 2013","Wed Apr 24 13:41:15 2013","","The Black Donnellys","TV Series","","6","8.2","60","2007","crime, drama","12762","2007-02-26","http://www.imdb.com/title/tt0805661/"
"251","tt0106028","Wed Apr 24 13:41:15 2013","Wed Apr 24 13:41:15 2013","","Homicide: Life on the Street","TV Series","","5","8.7","60","1993","crime, drama, mystery, thriller","8559","1993-01-31","http://www.imdb.com/title/tt0106028/"
"252","tt0348913","Wed Apr 24 13:41:15 2013","Wed Apr 24 13:41:15 2013","","Dead Like Me","TV Series","","7","8.2","60","2003","comedy, drama, fantasy","34690","2003-06-27","http://www.imdb.com/title/tt0348913/"
"253","tt0925266","Wed Apr 24 13:41:15 2013","Wed Apr 24 13:41:15 2013","","Pushing Daisies","TV Series","","8","8.4","44","2007","comedy, drama, fantasy, mystery, romance","44696","2007-10-03","http://www.imdb.com/title/tt0925266/"
"254","tt0417373","Wed Apr 24 13:41:16 2013","Wed Apr 24 13:41:16 2013","","The Venture Bros.","TV Series","","","8.6","22","2003","animation, comedy, sci_fi","18523","2003-02-16","http://www.imdb.com/title/tt0417373/"
"255","tt0934320","Wed Apr 24 13:41:16 2013","Wed Apr 24 13:41:16 2013","","Summer Heights High","TV Series","","","8.5","30","2007","comedy, drama, family, musical, romance","11363","2007-09-05","http://www.imdb.com/title/tt0934320/"
"256","tt0115082","Wed Apr 24 13:41:16 2013","Wed Apr 24 13:41:16 2013","","3rd Rock from the Sun","TV Series","","7","7.8","60","1996","comedy, family, sci_fi","38048","1996-01-09","http://www.imdb.com/title/tt0115082/"
"257","tt1389371","Wed Apr 24 13:41:16 2013","Wed Apr 24 13:41:16 2013","","Rubicon","TV Series","","5","7.9","45","2010","crime, drama, mystery, thriller","9040","2010-06-13","http://www.imdb.com/title/tt1389371/"
"258","tt0863046","Wed Apr 24 13:41:16 2013","Wed Apr 24 13:41:16 2013","","Flight of the Conchords","TV Series","","7","8.7","28","2007","comedy, music","41961","2007-06-17","http://www.imdb.com/title/tt0863046/"
"259","tt0478942","Wed Apr 24 13:41:16 2013","Wed Apr 24 13:41:16 2013","","Life on Mars","TV Series","","6","8.4","60","2006","crime, drama, mystery, sci_fi","24255","2006-01-09","http://www.imdb.com/title/tt0478942/"
"260","tt0096684","Wed Apr 24 13:41:16 2013","Wed Apr 24 13:41:16 2013","","Quantum Leap","TV Series","John Cullum","8","8.1","60","1989","action, adventure, drama, family, mystery, sci_fi","19982","1989-03-26","http://www.imdb.com/title/tt0096684/"
"261","tt0096708","Wed Apr 24 13:41:16 2013","Wed Apr 24 13:41:16 2013","","Tales from the Crypt","TV Series","","7","8.0","25","1989","comedy, crime, fantasy, horror, thriller","15075","1989-06-10","http://www.imdb.com/title/tt0096708/"
"262","tt0402711","Wed Apr 24 13:41:16 2013","Wed Apr 24 13:41:16 2013","","Boston Legal","TV Series","","6","8.4","44","2004","comedy, crime, drama","34301","2004-10-03","http://www.imdb.com/title/tt0402711/"
"263","tt1828246","Wed Apr 24 13:41:16 2013","Wed Apr 24 13:41:16 2013","","Missing","TV Series","","4","7.0","60","2012","action, drama, thriller","8873","2012-03-11","http://www.imdb.com/title/tt1828246/"
"264","tt0094582","Wed Apr 24 13:41:16 2013","Wed Apr 24 13:41:16 2013","","The Wonder Years","TV Series","","7","8.3","22","1988","comedy, drama, family, romance","28231","1988-01-31","http://www.imdb.com/title/tt0094582/"
"265","tt0063929","Wed Apr 24 13:41:16 2013","Wed Apr 24 13:41:16 2013","","Monty Python's Flying Circus","TV Series","","6","8.9","30","1969","comedy","43996","1969-10-05","http://www.imdb.com/title/tt0063929/"
"266","tt1533395","Wed Apr 24 13:41:16 2013","Wed Apr 24 13:41:16 2013","","Life","Mini-Series","","7","9.2","473","2009","documentary","22836","2009-10-12","http://www.imdb.com/title/tt1533395/"
"267","tt0072500","Wed Apr 24 13:41:16 2013","Wed Apr 24 13:41:16 2013","","Fawlty Towers","TV Series","","6","8.8","30","1975","comedy","57373","1975-09-19","http://www.imdb.com/title/tt0072500/"
"268","tt0088484","Wed Apr 24 13:41:16 2013","Wed Apr 24 13:41:16 2013","","Black-Adder II","TV Series","","","8.7","176","1986","comedy","28460","1986-01-09","http://www.imdb.com/title/tt0088484/"
"269","tt0092324","Wed Apr 24 13:41:16 2013","Wed Apr 24 13:41:16 2013","","Black Adder the Third","TV Series","","","8.7","180","1987","comedy","26744","1987-09-17","http://www.imdb.com/title/tt0092324/"
"270","tt0290978","Wed Apr 24 13:41:16 2013","Wed Apr 24 13:41:16 2013","","The Office","TV Series","","","8.6","30","2001","comedy, drama","66932","2001-07-09","http://www.imdb.com/title/tt0290978/"
"271","tt0094517","Wed Apr 24 13:41:16 2013","Wed Apr 24 13:41:16 2013","","Mystery Science Theater 3000","TV Series","Joel Hodgson","4","8.7","97","1988","comedy, sci_fi","16670","1988-11-24","http://www.imdb.com/title/tt0094517/"
"272","tt0163507","Wed Apr 24 13:41:16 2013","Wed Apr 24 13:41:16 2013","","Whose Line Is It Anyway?","TV Series","","","8.6","30","1998","comedy, game_show","29976","1998-08-05","http://www.imdb.com/title/tt0163507/"
"273","tt0111958","Wed Apr 24 13:41:16 2013","Wed Apr 24 13:41:16 2013","","Father Ted","TV Series","","","8.6","25","1995","comedy","25595","1995-04-21","http://www.imdb.com/title/tt0111958/"
"274","tt0103584","Wed Apr 24 13:41:16 2013","Wed Apr 24 13:41:16 2013","","X-Men","TV Series","","","8.5","23","1992","animation, action, family, sci_fi, thriller","23607","1992-10-31","http://www.imdb.com/title/tt0103584/"
"275","tt0084988","Wed Apr 24 13:41:16 2013","Wed Apr 24 13:41:16 2013","","The Black Adder","TV Series","","","8.2","195","1982","comedy, history","26317","1982-06-20","http://www.imdb.com/title/tt0084988/"
"276","tt0883772","Wed Apr 24 13:41:16 2013","Wed Apr 24 13:41:16 2013","","Man vs. Wild","TV Series","","","8.2","60","2006","adventure, reality_tv","19387","2006-10-27","http://www.imdb.com/title/tt0883772/"
"277","tt0416394","Wed Apr 24 13:41:16 2013","Wed Apr 24 13:41:16 2013","","The Mighty Boosh","TV Series","","","8.4","30","2003","comedy, fantasy, musical","15868","2003-05-20","http://www.imdb.com/title/tt0416394/"
"278","tt0092345","Wed Apr 24 13:41:16 2013","Wed Apr 24 13:41:16 2013","","DuckTales","TV Series","","","8.1","23","1987","animation, adventure, comedy, family","20758","1987-09-18","http://www.imdb.com/title/tt0092345/"
"279","tt0112123","Wed Apr 24 13:41:16 2013","Wed Apr 24 13:41:16 2013","","Pinky and the Brain","TV Series","","","8.0","30","1995","animation, comedy, family, sci_fi","21923","1995-09-09","http://www.imdb.com/title/tt0112123/"
"280","tt1235547","Wed Apr 24 13:41:16 2013","Wed Apr 24 13:41:16 2013","","Better Off Ted","TV Series","","","8.2","30","2009","comedy","21713","2009-03-18","http://www.imdb.com/title/tt1235547/"
"281","tt0379632","Wed Apr 24 13:41:16 2013","Wed Apr 24 13:41:16 2013","","Hustle","TV Series","","","8.2","60","2004","crime, drama, mystery","19207","2004-02-24","http://www.imdb.com/title/tt0379632/"
"282","tt0115157","Wed Apr 24 13:41:16 2013","Wed Apr 24 13:41:16 2013","","Dexter's Laboratory","TV Series","","","8.0","23","1996","animation, comedy, family, sci_fi","29701","1996-04-28","http://www.imdb.com/title/tt0115157/"
"283","tt0485842","Wed Apr 24 13:41:16 2013","Wed Apr 24 13:41:16 2013","","Studio 60 on the Sunset Strip","TV Series","","","8.3","60","2006","comedy, drama","20288","2006-08-26","http://www.imdb.com/title/tt0485842/"
"284","tt0086817","Wed Apr 24 13:41:16 2013","Wed Apr 24 13:41:16 2013","","The Transformers","TV Series","Peter Wallach","","8.0","30","1984","animation, action, adventure, family, fantasy, sci_fi, thriller","16101","1984-09-17","http://www.imdb.com/title/tt0086817/"
"285","tt0131613","Wed Apr 24 13:41:16 2013","Wed Apr 24 13:41:16 2013","","Teenage Mutant Ninja Turtles","TV Series","","","8.0","30","1987","animation, action, adventure, comedy, crime, family, mystery, sci_fi, thriller","22538","1987-12-14","http://www.imdb.com/title/tt0131613/"
"286","tt1839683","Wed Apr 24 13:41:16 2013","Wed Apr 24 13:41:16 2013","","Awake","TV Series","","","7.9","43","2012","drama, fantasy, mystery, sci_fi","18452","2012-02-16","http://www.imdb.com/title/tt1839683/"
"287","tt0063950","Wed Apr 24 13:41:16 2013","Wed Apr 24 13:41:16 2013","","Scooby Doo, Where Are You!","TV Series","","","7.9","30","1969","animation, comedy, family, horror, mystery","20362","1969-09-13","http://www.imdb.com/title/tt0063950/"
"288","tt0118298","Wed Apr 24 13:41:17 2013","Wed Apr 24 13:41:17 2013","","Daria","TV Series","Karen Disher","","8.0","30","1997","animation, comedy, romance","18561","1997-03-03","http://www.imdb.com/title/tt0118298/"
"289","tt0297494","Wed Apr 24 13:41:17 2013","Wed Apr 24 13:41:17 2013","","Aqua Teen Hunger Force","TV Series","","","7.7","15","2000","animation, comedy","18587","2000-12-30","http://www.imdb.com/title/tt0297494/"
"290","tt1439741","Wed Apr 24 13:41:17 2013","Wed Apr 24 13:41:17 2013","","Human Target","TV Series","","","7.8","60","2010","action, adventure, crime, drama, thriller","15330","2010-01-15","http://www.imdb.com/title/tt1439741/"
"291","tt0115200","Wed Apr 24 13:41:17 2013","Wed Apr 24 13:41:17 2013","","Hey Arnold!","TV Series","","","7.7","15","1994","animation, comedy, drama, family","22235","1994-06-01","http://www.imdb.com/title/tt0115200/"
"292","tt0086661","Wed Apr 24 13:41:17 2013","Wed Apr 24 13:41:17 2013","","The Adventures of Sherlock Holmes","TV Series","","","8.8","60","1984","crime, drama, mystery","13406","1984-04-24","http://www.imdb.com/title/tt0086661/"
"293","tt0074028","Wed Apr 24 13:41:17 2013","Wed Apr 24 13:41:17 2013","","The Muppet Show","TV Series","","","8.5","30","1976","comedy, family, music","14494","1976-01-29","http://www.imdb.com/title/tt0074028/"
"294","tt0115147","Wed Apr 24 13:41:17 2013","Wed Apr 24 13:41:17 2013","","The Daily Show","TV Series","","7","8.8","22","1996","comedy, news, talk_show","32989","1996-07-22","http://www.imdb.com/title/tt0115147/"
"295","tt0088491","Wed Apr 24 13:41:17 2013","Wed Apr 24 13:41:17 2013","","The Bugs Bunny/Looney Tunes Comedy Hour","TV Series","Chuck Jones, Rudy Larriva","","8.5","45","1985","animation, family, comedy","11877","1985-09-07","http://www.imdb.com/title/tt0088491/"
"296","tt0129690","Wed Apr 24 13:41:17 2013","Wed Apr 24 13:41:17 2013","","I'm Alan Partridge","TV Series","","","8.6","29","1997","comedy","12644","1997-11-03","http://www.imdb.com/title/tt0129690/"
"297","tt0397150","Wed Apr 24 13:41:17 2013","Wed Apr 24 13:41:17 2013","","Garth Marenghi's Darkplace","TV Series","","","8.6","30","2004","comedy","11584","2004-01-29","http://www.imdb.com/title/tt0397150/"
"298","tt0346314","Wed Apr 24 13:41:18 2013","Wed Apr 24 13:41:18 2013","","Ghost in the Shell: Stand Alone Complex","TV Series","","","8.6","24","2002","animation, action, crime, sci_fi, thriller","11692","2002-10-01","http://www.imdb.com/title/tt0346314/"
"299","tt0043208","Wed Apr 24 13:41:18 2013","Wed Apr 24 13:41:18 2013","","I Love Lucy","TV Series","","","8.4","30","1951","comedy, family","16159","1951-10-15","http://www.imdb.com/title/tt0043208/"
"300","tt0235923","Wed Apr 24 13:41:18 2013","Wed Apr 24 13:41:18 2013","","Invader ZIM","TV Series","","","8.4","30","2001","animation, comedy, family, sci_fi","15056","2001-03-30","http://www.imdb.com/title/tt0235923/"
"301","tt0103352","Wed Apr 24 13:41:18 2013","Wed Apr 24 13:41:18 2013","","Are You Afraid of the Dark?","TV Series","","","8.3","30","1990","drama, family, fantasy, horror, mystery, sci_fi, thriller","9627","1990-10-31","http://www.imdb.com/title/tt0103352/"
"302","tt0179552","Wed Apr 24 13:41:18 2013","Wed Apr 24 13:41:18 2013","","The Adventures of Tintin","TV Series","","","8.3","30","1991","animation, adventure, crime, family, mystery","13567","1991-10-02","http://www.imdb.com/title/tt0179552/"
"303","tt0086659","Wed Apr 24 13:41:18 2013","Wed Apr 24 13:41:18 2013","","'Allo 'Allo!","TV Series","","","8.3","45","1982","comedy, war","18817","1982-12-30","http://www.imdb.com/title/tt0086659/"
"304","tt1466074","Wed Apr 24 13:41:18 2013","Wed Apr 24 13:41:18 2013","","Columbo","TV Series","","8","8.2","100","1971","crime, drama, mystery, thriller","19131","1971-03-01","http://www.imdb.com/title/tt1466074/"
"305","tt0105933","Wed Apr 24 13:41:18 2013","Wed Apr 24 13:41:18 2013","","The Adventures of Pete & Pete","TV Series","","","8.4","30","1992","comedy, drama","7915","1991-02-09","http://www.imdb.com/title/tt0105933/"
"306","tt0103376","Wed Apr 24 13:41:18 2013","Wed Apr 24 13:41:18 2013","","Bottom","TV Series","","","8.2","30","1991","comedy, crime","8751","1991-09-17","http://www.imdb.com/title/tt0103376/"
"307","tt0098878","Wed Apr 24 13:41:18 2013","Wed Apr 24 13:41:18 2013","","Northern Exposure","TV Series","","","8.3","60","1990","comedy, drama, fantasy","11865","1990-07-12","http://www.imdb.com/title/tt0098878/"
"308","tt0361256","Wed Apr 24 13:41:18 2013","Wed Apr 24 13:41:18 2013","","Wonderfalls","TV Series","","","8.3","60","2004","comedy, drama","10667","2004-03-12","http://www.imdb.com/title/tt0361256/"
"309","tt0083505","Wed Apr 24 13:41:18 2013","Wed Apr 24 13:41:18 2013","","The Young Ones","TV Series","","","8.2","410","1982","comedy","10353","1982-11-09","http://www.imdb.com/title/tt0083505/"
"310","tt0197159","Wed Apr 24 13:41:18 2013","Wed Apr 24 13:41:18 2013","","Home Movies","TV Series","","","8.2","30","1999","animation, comedy, drama","7382","1999-04-26","http://www.imdb.com/title/tt0197159/"
"311","tt0346369","Wed Apr 24 13:41:18 2013","Wed Apr 24 13:41:18 2013","","Penn & Teller: Bullshit!","TV Series","Christopher Poole, Tom Greenhut","","8.2","30","2003","comedy, documentary","10611","2003-01-24","http://www.imdb.com/title/tt0346369/"
"312","tt0839188","Wed Apr 24 13:41:18 2013","Wed Apr 24 13:41:18 2013","","Metalocalypse","TV Series","","","8.3","11","2006","animation, comedy, music","12384","2006-08-06","http://www.imdb.com/title/tt0839188/"
"313","tt1637574","Wed Apr 24 13:41:18 2013","Wed Apr 24 13:41:18 2013","","Conan","TV Series","","","8.2","60","2010","comedy, music, talk_show","16579","2010-11-08","http://www.imdb.com/title/tt1637574/"
"314","tt0106115","Wed Apr 24 13:41:19 2013","Wed Apr 24 13:41:19 2013","","Rocko's Modern Life","TV Series","","","8.0","30","1993","animation, comedy","14486","1993-09-18","http://www.imdb.com/title/tt0106115/"
"315","tt0423661","Wed Apr 24 13:41:19 2013","Wed Apr 24 13:41:19 2013","","Green Wing","TV Series","","","8.4","65","2004","comedy, drama","8570","2004-09-03","http://www.imdb.com/title/tt0423661/"
"316","tt0108783","Wed Apr 24 13:41:19 2013","Wed Apr 24 13:41:19 2013","","Gargoyles","TV Series","Yeun Young Sang","","8.1","30","1994","animation, action, adventure, crime, drama, family, fantasy, mystery, romance, thriller","10417","1994-10-24","http://www.imdb.com/title/tt0108783/"
"317","tt0273028","Wed Apr 24 13:41:19 2013","Wed Apr 24 13:41:19 2013","","Undeclared","TV Series","","","8.0","22","2001","comedy","14601","2001-09-25","http://www.imdb.com/title/tt0273028/"
